Objetive,,,Our Model Predictions,
id,value_550,,id,AOT_550
3,0.141,,3,0.052604508
25,0.141,,25,0.118316054
26,0.141,,26,0.08017796
27,0.141,,27,0.08735895
29,0.141,,29,0.12874317
30,0.141,,30,0.08494238
33,0.141,,33,0.16170204
34,0.141,,34,0.09899245
36,0.141,,36,0.115817755
41,0.141,,41,0.07934742
52,0.141,,52,0.14917764
71,0.141,,71,0.052604508
75,0.141,,75,0.052604508
77,0.141,,77,0.10027457
80,0.141,,80,0.059987623
85,0.141,,85,0.39550698
87,0.141,,87,0.58333355
95,0.141,,95,0.052604508
98,0.141,,98,0.052604508
110,0.141,,110,0.10735046
114,0.141,,114,0.12574823
124,0.141,,124,0.1346392
128,0.141,,128,0.052604508
129,0.141,,129,0.08712663
141,0.141,,141,0.052604508
151,0.141,,151,0.061492078
161,0.141,,161,0.052604508
167,0.141,,167,0.052604508
170,0.141,,170,0.052604508
172,0.141,,172,0.0671633
174,0.141,,174,0.093476966
179,0.141,,179,0.052604508
182,0.141,,182,0.052604508
188,0.141,,188,0.056116313
190,0.141,,190,0.052604508
192,0.141,,192,0.09724657
193,0.141,,193,0.13177371
195,0.141,,195,0.16240288
198,0.141,,198,0.15884434
199,0.141,,199,0.14447473
210,0.141,,210,0.13135606
212,0.141,,212,0.19793878
219,0.141,,219,0.052604508
221,0.141,,221,0.13220985
229,0.141,,229,0.19822791
232,0.141,,232,0.108819455
233,0.141,,233,0.14661355
237,0.141,,237,0.16749386
240,0.141,,240,0.12262413
249,0.141,,249,0.26642323
254,0.141,,254,0.052604508
256,0.141,,256,0.052604508
258,0.141,,258,0.09775752
263,0.141,,263,0.114636816
264,0.141,,264,0.14911439
266,0.141,,266,0.13238946
268,0.141,,268,0.17236355
272,0.141,,272,0.11612339
274,0.141,,274,0.1062495
276,0.141,,276,0.11129188
282,0.141,,282,0.05361313
284,0.141,,284,0.052604508
287,0.141,,287,0.052604508
291,0.141,,291,0.05479141
293,0.141,,293,0.075600386
297,0.141,,297,0.13191937
301,0.141,,301,0.107964784
309,0.141,,309,0.09721047
311,0.141,,311,0.072896555
312,0.141,,312,0.08239783
313,0.141,,313,0.116469055
320,0.141,,320,0.052604508
323,0.141,,323,0.12110956
324,0.141,,324,0.12111823
330,0.141,,330,0.11973803
336,0.141,,336,0.11310115
343,0.141,,343,0.09411588
352,0.141,,352,0.052604508
353,0.141,,353,0.06469849
366,0.141,,366,0.13632795
367,0.141,,367,0.17159067
368,0.141,,368,0.103193246
371,0.141,,371,0.082855485
375,0.141,,375,0.09132576
381,0.141,,381,0.10894384
389,0.141,,389,0.10807523
390,0.141,,390,0.18987778
395,0.141,,395,0.10551162
396,0.141,,396,0.13100599
398,0.141,,398,0.052607372
404,0.141,,404,0.11058019
407,0.141,,407,0.101707
409,0.141,,409,0.10901913
411,0.141,,411,0.06843983
418,0.141,,418,0.052604508
423,0.141,,423,0.13483237
429,0.141,,429,0.052604508
442,0.141,,442,0.052668992
443,0.141,,443,0.09394051
446,0.141,,446,0.25194478
448,0.141,,448,0.16032521
453,0.141,,453,0.2025594
454,0.141,,454,0.052604508
455,0.141,,455,0.118518606
460,0.141,,460,0.052604508
466,0.141,,466,0.052604508
470,0.141,,470,0.052604508
479,0.141,,479,0.10662567
484,0.141,,484,0.05658595
488,0.141,,488,0.052604508
497,0.141,,497,0.0822176
504,0.141,,504,0.13661775
510,0.141,,510,0.06272074
516,0.141,,516,0.16528842
522,0.141,,522,0.21692948
523,0.141,,523,0.21614562
537,0.141,,537,0.27418393
550,0.141,,550,0.1117984
563,0.141,,563,0.07466847
564,0.141,,564,0.052995164
565,0.141,,565,0.08207241
566,0.141,,566,0.06623123
571,0.141,,571,0.173255
572,0.141,,572,0.19293971
576,0.141,,576,0.119068265
588,0.141,,588,0.056046985
592,0.141,,592,0.052604508
598,0.141,,598,0.080653645
612,0.141,,612,0.06649758
613,0.141,,613,0.13951284
616,0.141,,616,0.118449524
618,0.141,,618,0.05420524
625,0.141,,625,0.4192927
627,0.141,,627,0.1560655
642,0.141,,642,0.055920348
645,0.141,,645,0.14329006
650,0.141,,650,0.20968771
661,0.141,,661,0.13848817
662,0.141,,662,0.1455499
663,0.141,,663,0.3670517
671,0.141,,671,0.12829739
682,0.141,,682,0.08568013
690,0.141,,690,0.13746905
696,0.141,,696,0.11256203
697,0.141,,697,0.10892995
698,0.141,,698,0.11242153
703,0.141,,703,0.09049252
705,0.141,,705,0.24786797
706,0.141,,706,0.4906565
710,0.141,,710,0.39074224
713,0.141,,713,0.052604508
722,0.141,,722,0.052604508
730,0.141,,730,0.052604508
734,0.141,,734,0.06913528
740,0.141,,740,0.073264465
744,0.141,,744,0.13400786
746,0.141,,746,0.11086491
755,0.141,,755,0.17098506
758,0.141,,758,0.16788885
759,0.141,,759,0.17268755
765,0.141,,765,0.074956715
773,0.141,,773,0.052604508
774,0.141,,774,0.052604508
778,0.141,,778,0.052604508
779,0.141,,779,0.052604508
781,0.141,,781,0.052604508
782,0.141,,782,0.052604508
788,0.141,,788,0.052604508
789,0.141,,789,0.052604508
791,0.141,,791,0.052604508
796,0.141,,796,0.06833758
797,0.141,,797,0.061851434
798,0.141,,798,0.08255796
799,0.141,,799,0.10067837
805,0.141,,805,0.07902093
806,0.141,,806,0.08331764
807,0.141,,807,0.106649116
816,0.141,,816,0.12996227
822,0.141,,822,0.07456964
829,0.141,,829,0.08390814
830,0.141,,830,0.13121335
838,0.141,,838,0.052604508
840,0.141,,840,0.052604508
845,0.141,,845,0.052604508
852,0.141,,852,0.052604508
858,0.141,,858,0.06069901
874,0.141,,874,0.34464508
884,0.141,,884,0.10434605
898,0.141,,898,0.22597073
909,0.141,,909,0.058995984
915,0.141,,915,0.11231645
921,0.141,,921,0.06550282
923,0.141,,923,0.054017663
927,0.141,,927,0.052604508
934,0.141,,934,0.07835694
945,0.141,,945,0.1694008
946,0.141,,946,0.24243316
951,0.141,,951,0.18048275
953,0.141,,953,0.1692815
959,0.141,,959,0.052604508
961,0.141,,961,0.052604508
964,0.141,,964,0.052604508
972,0.141,,972,0.07663527
973,0.141,,973,0.18244828
975,0.141,,975,0.2041719
977,0.141,,977,0.22807409
981,0.141,,981,0.18284018
984,0.141,,984,0.27726924
987,0.141,,987,0.052604508
1000,0.141,,1000,0.12077595
1008,0.141,,1008,0.076075956
1016,0.141,,1016,0.11977643
1023,0.141,,1023,0.052604508
1032,0.141,,1032,0.052604508
1035,0.141,,1035,0.0770348
1036,0.141,,1036,0.10638507
1057,0.141,,1057,0.11526655
1061,0.141,,1061,0.058549635
1063,0.141,,1063,0.052604508
1064,0.141,,1064,0.12072903
1090,0.141,,1090,0.19232476
1102,0.141,,1102,0.15337047
1103,0.141,,1103,0.26086366
1105,0.141,,1105,0.26036802
1108,0.141,,1108,0.23498242
1113,0.141,,1113,0.18373525
1121,0.141,,1121,0.078705475
1124,0.141,,1124,0.072302066
1126,0.141,,1126,0.17132604
1127,0.141,,1127,0.14857452
1129,0.141,,1129,0.11294003
1132,0.141,,1132,0.12530428
1138,0.141,,1138,0.20318322
1158,0.141,,1158,0.24786797
1162,0.141,,1162,0.1219444
1165,0.141,,1165,0.46269313
1166,0.141,,1166,0.052604508
1185,0.141,,1185,0.052604508
1188,0.141,,1188,0.108851105
1194,0.141,,1194,0.30457273
1199,0.141,,1199,0.07867442
1210,0.141,,1210,0.081561826
1228,0.141,,1228,0.052604508
1231,0.141,,1231,0.14443187
1233,0.141,,1233,0.052604508
1235,0.141,,1235,0.09840101
1240,0.141,,1240,0.052604508
1243,0.141,,1243,0.052604508
1249,0.141,,1249,0.052604508
1251,0.141,,1251,0.052604508
1252,0.141,,1252,0.052604508
1256,0.141,,1256,0.06338808
1263,0.141,,1263,0.052604508
1268,0.141,,1268,0.9030523
1270,0.141,,1270,0.052604508
1271,0.141,,1271,0.4657739
1274,0.141,,1274,0.25341496
1276,0.141,,1276,0.052604508
1278,0.141,,1278,0.052604508
1282,0.141,,1282,0.12165733
1287,0.141,,1287,0.052604508
1288,0.141,,1288,0.052604508
1294,0.141,,1294,0.052604508
1296,0.141,,1296,0.052604508
1297,0.141,,1297,0.085808516
1316,0.141,,1316,0.28645223
1319,0.141,,1319,0.052604508
1321,0.141,,1321,0.10674852
1324,0.141,,1324,0.09578496
1326,0.141,,1326,0.052604508
1330,0.141,,1330,0.052604508
1333,0.141,,1333,0.052604508
1341,0.141,,1341,0.16165735
1343,0.141,,1343,0.0774506
1345,0.141,,1345,0.58009017
1348,0.141,,1348,0.33587494
1353,0.141,,1353,0.9436502
1355,0.141,,1355,0.3430677
1358,0.141,,1358,0.29125476
1365,0.141,,1365,0.062707126
1368,0.141,,1368,0.083761
1369,0.141,,1369,0.1457639
1381,0.141,,1381,0.09310527
1404,0.141,,1404,0.12746762
1408,0.141,,1408,0.0857141
1422,0.141,,1422,0.08266137
1423,0.141,,1423,0.07051725
1432,0.141,,1432,0.13558917
1448,0.141,,1448,0.3734397
1452,0.141,,1452,0.30518392
1453,0.141,,1453,0.12886524
1459,0.141,,1459,0.27758688
1472,0.141,,1472,0.12205447
1478,0.141,,1478,0.27845612
1483,0.141,,1483,0.24786797
1484,0.141,,1484,0.24682613
1492,0.141,,1492,0.11920121
1501,0.141,,1501,0.37870437
1502,0.141,,1502,0.24276865
1512,0.141,,1512,0.27690607
1529,0.141,,1529,0.24786797
1538,0.141,,1538,0.32775846
1539,0.141,,1539,0.34796458
1540,0.141,,1540,0.34803596
1547,0.141,,1547,0.3038151
1551,0.141,,1551,0.29054508
1552,0.141,,1552,0.3110078
1558,0.141,,1558,0.3091715
1565,0.141,,1565,0.3443373
1566,0.141,,1566,0.32602036
1567,0.141,,1567,0.54997784
1574,0.141,,1574,0.29996118
1575,0.141,,1575,0.29529807
1578,0.141,,1578,0.31074184
1580,0.141,,1580,0.13569048
1581,0.141,,1581,0.4468286
1584,0.141,,1584,0.3198191
1600,0.141,,1600,0.052604508
1604,0.141,,1604,0.0803562
1605,0.141,,1605,0.13213028
1611,0.141,,1611,0.052604508
1612,0.141,,1612,0.09039867
1614,0.141,,1614,0.057903934
1616,0.141,,1616,0.10479551
1617,0.141,,1617,0.052604508
1626,0.141,,1626,0.06912552
1634,0.141,,1634,0.090248466
1635,0.141,,1635,0.13286784
1641,0.141,,1641,0.052604508
1656,0.141,,1656,0.08584517
1664,0.141,,1664,0.11684722
1665,0.141,,1665,0.112436935
1672,0.141,,1672,0.054120988
1676,0.141,,1676,0.052604508
1683,0.141,,1683,0.25587896
1692,0.141,,1692,0.11002435
1695,0.141,,1695,0.15949546
1696,0.141,,1696,0.13394733
1700,0.141,,1700,0.24909554
1701,0.141,,1701,0.2508054
1704,0.141,,1704,0.17124009
1706,0.141,,1706,0.25816247
1712,0.141,,1712,0.7467216
1713,0.141,,1713,0.42079693
1721,0.141,,1721,0.09411736
1722,0.141,,1722,0.10273971
1737,0.141,,1737,0.077392116
1739,0.141,,1739,0.09802304
1740,0.141,,1740,0.07854378
1743,0.141,,1743,0.06446881
1746,0.141,,1746,0.103203095
1747,0.141,,1747,0.1022325
1756,0.141,,1756,0.052604508
1763,0.141,,1763,0.27024493
1768,0.141,,1768,0.24786797
1772,0.141,,1772,0.16409115
1774,0.141,,1774,0.09812206
1785,0.141,,1785,0.17065026
1786,0.141,,1786,0.122118264
1790,0.141,,1790,0.112819344
1795,0.141,,1795,0.14396243
1798,0.141,,1798,0.091872126
1802,0.141,,1802,0.13038051
1805,0.141,,1805,0.13214359
1808,0.141,,1808,0.13541435
1812,0.141,,1812,0.12726586
1814,0.141,,1814,0.23709933
1816,0.141,,1816,0.14194414
1821,0.141,,1821,0.12933306
1823,0.141,,1823,0.14364448
1828,0.141,,1828,0.3328454
1831,0.141,,1831,0.08538619
1834,0.141,,1834,0.052604508
1853,0.141,,1853,0.052604508
1856,0.141,,1856,0.081588246
1876,0.141,,1876,0.07780072
1877,0.141,,1877,0.09829292
1881,0.141,,1881,0.06574779
1892,0.141,,1892,0.11956741
1901,0.141,,1901,0.1180052
1922,0.141,,1922,0.052604508
1923,0.141,,1923,0.052604508
1926,0.141,,1926,0.07728339
1932,0.141,,1932,0.10160998
1935,0.141,,1935,0.10143012
1941,0.141,,1941,0.10460228
1942,0.141,,1942,0.10397364
1947,0.141,,1947,0.083797626
1958,0.141,,1958,0.103960454
1962,0.141,,1962,0.5402345
1963,0.141,,1963,0.31235307
1979,0.141,,1979,0.15408768
1980,0.141,,1980,0.11258693
1985,0.141,,1985,0.070350975
1995,0.141,,1995,0.099593475
1999,0.141,,1999,0.052604508
2005,0.141,,2005,0.052604508
2009,0.141,,2009,0.107537836
2014,0.141,,2014,0.052604508
2015,0.141,,2015,0.08558987
2016,0.141,,2016,0.052604508
2020,0.141,,2020,0.087168515
2021,0.141,,2021,0.120835945
2028,0.141,,2028,0.056680255
2035,0.141,,2035,0.052604508
2039,0.141,,2039,0.2644455
2040,0.141,,2040,0.07325291
2043,0.141,,2043,0.055688113
2049,0.141,,2049,0.052604508
2052,0.141,,2052,0.08460383
2066,0.141,,2066,0.09289217
2067,0.141,,2067,0.3078578
2071,0.141,,2071,0.052604508
2079,0.141,,2079,0.103103265
2081,0.141,,2081,0.052604508
2082,0.141,,2082,0.052604508
2090,0.141,,2090,0.07158377
2097,0.141,,2097,0.262245
2098,0.141,,2098,0.2594796
2099,0.141,,2099,0.44099808
2103,0.141,,2103,0.0867362
2111,0.141,,2111,0.052604508
2112,0.141,,2112,0.052604508
2122,0.141,,2122,0.08375205
2123,0.141,,2123,0.08712371
2130,0.141,,2130,0.052604508
2132,0.141,,2132,0.052604508
2141,0.141,,2141,0.2591333
2142,0.141,,2142,0.052604508
2144,0.141,,2144,0.0886649
2159,0.141,,2159,0.08614972
2161,0.141,,2161,0.14351398
2162,0.141,,2162,0.08181409
2164,0.141,,2164,0.06732262
2165,0.141,,2165,0.052604508
2167,0.141,,2167,0.06338815
2171,0.141,,2171,0.12305698
2174,0.141,,2174,0.07164614
2175,0.141,,2175,0.08102101
2176,0.141,,2176,0.07959939
2179,0.141,,2179,0.0822052
2180,0.141,,2180,0.11477339
2189,0.141,,2189,0.080016285
2194,0.141,,2194,0.11417048
2196,0.141,,2196,0.104775354
2202,0.141,,2202,0.089784876
2206,0.141,,2206,0.13947462
2209,0.141,,2209,0.12854436
2214,0.141,,2214,0.1943503
2216,0.141,,2216,0.13507381
2222,0.141,,2222,0.22744997
2231,0.141,,2231,0.39333588
2237,0.141,,2237,0.15837422
2238,0.141,,2238,0.17663269
2239,0.141,,2239,0.3029583
2240,0.141,,2240,0.10686131
2242,0.141,,2242,0.27812067
2254,0.141,,2254,0.079619065
2255,0.141,,2255,0.25258505
2256,0.141,,2256,0.34236938
2271,0.141,,2271,0.114983566
2273,0.141,,2273,0.08287579
2275,0.141,,2275,0.16408002
2278,0.141,,2278,0.052604508
2280,0.141,,2280,0.2454654
2289,0.141,,2289,0.26320863
2292,0.141,,2292,0.24786797
2296,0.141,,2296,0.052604508
2299,0.141,,2299,0.10969967
2302,0.141,,2302,0.07525592
2312,0.141,,2312,0.052604508
2313,0.141,,2313,0.052604508
2318,0.141,,2318,0.12327519
2319,0.141,,2319,0.29470047
2330,0.141,,2330,0.052604508
2334,0.141,,2334,0.052604508
2338,0.141,,2338,0.052604508
2342,0.141,,2342,0.052604508
2345,0.141,,2345,0.052604508
2348,0.141,,2348,0.11962198
2349,0.141,,2349,0.07939404
2350,0.141,,2350,0.11235982
2353,0.141,,2353,0.052604508
2356,0.141,,2356,0.1975281
2372,0.141,,2372,0.082733154
2378,0.141,,2378,0.17640337
2381,0.141,,2381,0.052604508
2382,0.141,,2382,0.29139847
2383,0.141,,2383,0.12967876
2385,0.141,,2385,0.10255936
2398,0.141,,2398,0.14819628
2403,0.141,,2403,0.14980076
2409,0.141,,2409,0.13075909
2414,0.141,,2414,0.11422546
2423,0.141,,2423,0.12959523
2424,0.141,,2424,0.11422953
2426,0.141,,2426,0.16423927
2431,0.141,,2431,0.090569854
2450,0.141,,2450,0.3120649
2456,0.141,,2456,0.080947086
2457,0.141,,2457,0.08670008
2459,0.141,,2459,0.2761206
2461,0.141,,2461,0.10744186
2462,0.141,,2462,0.11620881
2468,0.141,,2468,0.08978025
2476,0.141,,2476,0.06971159
2493,0.141,,2493,0.09558165
2494,0.141,,2494,0.16314477
2495,0.141,,2495,0.08826986
2505,0.141,,2505,0.09537652
2521,0.141,,2521,0.26624352
2523,0.141,,2523,0.34511986
2528,0.141,,2528,0.38515535
2533,0.141,,2533,0.08254754
2536,0.141,,2536,0.08589111
2546,0.141,,2546,0.052604508
2548,0.141,,2548,0.052604508
2556,0.141,,2556,0.08724746
2558,0.141,,2558,0.08919959
2561,0.141,,2561,0.08768426
2570,0.141,,2570,0.052604508
2571,0.141,,2571,0.08076346
2573,0.141,,2573,0.071875885
2590,0.141,,2590,0.11558762
2594,0.141,,2594,0.0718325
2595,0.141,,2595,0.05568526
2598,0.141,,2598,0.12105617
2602,0.141,,2602,0.07829988
2609,0.141,,2609,0.09260879
2610,0.141,,2610,0.052604508
2614,0.141,,2614,0.052604508
2616,0.141,,2616,0.15517268
2617,0.141,,2617,0.052604508
2629,0.141,,2629,0.052604508
2631,0.141,,2631,0.07892125
2634,0.141,,2634,0.052604508
2635,0.141,,2635,0.11372726
2640,0.141,,2640,0.118261546
2641,0.141,,2641,0.097006895
2646,0.141,,2646,0.052604508
2648,0.141,,2648,0.052604508
2649,0.141,,2649,0.052604508
2657,0.141,,2657,0.08287089
2688,0.141,,2688,0.11030388
2697,0.141,,2697,0.052604508
2702,0.141,,2702,0.18247607
2708,0.141,,2708,0.052604508
2714,0.141,,2714,0.11088668
2723,0.141,,2723,0.10449728
2726,0.141,,2726,0.062385637
2727,0.141,,2727,0.068506315
2732,0.141,,2732,0.052604508
2734,0.141,,2734,0.052604508
2736,0.141,,2736,0.052604508
2737,0.141,,2737,0.052604508
2744,0.141,,2744,0.052604508
2748,0.141,,2748,0.10288203
2751,0.141,,2751,0.08127465
2752,0.141,,2752,0.06967132
2754,0.141,,2754,0.05912637
2755,0.141,,2755,0.08217578
2756,0.141,,2756,0.077178285
2757,0.141,,2757,0.052604508
2762,0.141,,2762,0.052604508
2777,0.141,,2777,0.12988888
2785,0.141,,2785,0.056569505
2788,0.141,,2788,0.052604508
2791,0.141,,2791,0.052604508
2796,0.141,,2796,0.052604508
2803,0.141,,2803,0.052604508
2812,0.141,,2812,0.052604508
2821,0.141,,2821,0.052604508
2835,0.141,,2835,0.25441304
2837,0.141,,2837,0.23528413
2845,0.141,,2845,0.052604508
2847,0.141,,2847,0.052604508
2848,0.141,,2848,0.052604508
2853,0.141,,2853,0.22408926
2854,0.141,,2854,0.10833688
2857,0.141,,2857,0.10407169
2859,0.141,,2859,0.2398467
2860,0.141,,2860,0.19998243
2861,0.141,,2861,0.24746875
2875,0.141,,2875,0.2834775
2877,0.141,,2877,0.174619
2880,0.141,,2880,0.052604508
2885,0.141,,2885,0.33568725
2887,0.141,,2887,0.059507936
2903,0.141,,2903,0.25765076
2906,0.141,,2906,0.07622807
2908,0.141,,2908,0.24698795
2913,0.141,,2913,0.052604508
2914,0.141,,2914,0.052604508
2917,0.141,,2917,0.052604508
2925,0.141,,2925,0.052604508
2927,0.141,,2927,0.052604508
2931,0.141,,2931,0.052604508
2933,0.141,,2933,0.34161675
2934,0.141,,2934,0.07819104
2938,0.141,,2938,0.21572745
2946,0.141,,2946,0.16402948
2947,0.141,,2947,0.20358135
2949,0.141,,2949,0.18726812
2969,0.141,,2969,0.052604508
2975,0.141,,2975,0.059643995
2977,0.141,,2977,0.052604508
2978,0.141,,2978,0.06520225
2992,0.141,,2992,0.052604508
2993,0.141,,2993,0.06997295
3008,0.141,,3008,0.17896813
3011,0.141,,3011,0.052604508
3012,0.141,,3012,0.052604508
3017,0.141,,3017,0.37054574
3023,0.141,,3023,0.5134293
3036,0.141,,3036,0.24153091
3038,0.141,,3038,0.7210976
3040,0.141,,3040,0.36830762
3044,0.141,,3044,0.3085274
3045,0.141,,3045,0.39712137
3049,0.141,,3049,0.53918266
3061,0.141,,3061,0.55018383
3063,0.141,,3063,0.44638237
3068,0.141,,3068,0.5091158
3070,0.141,,3070,0.3850908
3074,0.141,,3074,0.07230204
3092,0.141,,3092,0.10821193
3096,0.141,,3096,0.0807578
3098,0.141,,3098,0.07950713
3101,0.141,,3101,0.069349
3119,0.141,,3119,0.052604508
3121,0.141,,3121,0.052604508
3124,0.141,,3124,0.0543734
3128,0.141,,3128,0.052604508
3131,0.141,,3131,0.052604508
3132,0.141,,3132,0.06159348
3139,0.141,,3139,0.052604508
3140,0.141,,3140,0.052604508
3142,0.141,,3142,0.055148806
3147,0.141,,3147,0.074950226
3149,0.141,,3149,0.117095694
3155,0.141,,3155,0.052604508
3163,0.141,,3163,0.5638434
3164,0.141,,3164,0.27040905
3173,0.141,,3173,0.07715088
3176,0.141,,3176,0.07168398
3180,0.141,,3180,0.07597533
3183,0.141,,3183,0.2591567
3190,0.141,,3190,0.052604508
3191,0.141,,3191,0.052604508
3199,0.141,,3199,0.0747083
3203,0.141,,3203,0.052604508
3217,0.141,,3217,0.052604508
3219,0.141,,3219,0.16253139
3229,0.141,,3229,0.052604508
3232,0.141,,3232,0.052604508
3238,0.141,,3238,0.052604508
3244,0.141,,3244,0.05263493
3248,0.141,,3248,0.052604508
3250,0.141,,3250,0.052604508
3258,0.141,,3258,0.16703868
3261,0.141,,3261,0.17988801
3264,0.141,,3264,0.14903061
3269,0.141,,3269,0.26454934
3276,0.141,,3276,0.087626144
3281,0.141,,3281,0.09456371
3295,0.141,,3295,0.504474
3299,0.141,,3299,0.41559172
3302,0.141,,3302,0.31983107
3309,0.141,,3309,0.08637406
3315,0.141,,3315,0.41195107
3317,0.141,,3317,0.052604508
3318,0.141,,3318,0.055554643
3319,0.141,,3319,0.123472035
3321,0.141,,3321,0.06860261
3324,0.141,,3324,0.10057305
3325,0.141,,3325,0.110133976
3332,0.141,,3332,0.052604508
3338,0.141,,3338,0.08347006
3339,0.141,,3339,0.1391443
3340,0.141,,3340,0.12603955
3344,0.141,,3344,0.089674264
3345,0.141,,3345,0.0974337
3347,0.141,,3347,0.07955713
3350,0.141,,3350,0.062704995
3358,0.141,,3358,0.3480451
3359,0.141,,3359,0.122519225
3360,0.141,,3360,0.17022254
3362,0.141,,3362,0.118182585
3370,0.141,,3370,0.05797914
3374,0.141,,3374,0.08524413
3378,0.141,,3378,0.052604508
3379,0.141,,3379,0.052604508
3387,0.141,,3387,0.052604508
3399,0.141,,3399,0.053596675
3401,0.141,,3401,0.052604508
3405,0.141,,3405,0.05279835
3410,0.141,,3410,0.06553097
3415,0.141,,3415,0.12256086
3416,0.141,,3416,0.13705438
3417,0.141,,3417,0.11812934
3428,0.141,,3428,0.1247759
3436,0.141,,3436,0.33116677
3438,0.141,,3438,0.10931833
3439,0.141,,3439,0.399034
3443,0.141,,3443,0.08512211
3446,0.141,,3446,0.24848366
3447,0.141,,3447,0.06607032
3451,0.141,,3451,0.081988886
3453,0.141,,3453,0.052604508
3464,0.141,,3464,0.052604508
3471,0.141,,3471,0.052604508
3472,0.141,,3472,0.052604508
3474,0.141,,3474,0.052604508
3476,0.141,,3476,0.14455758
3480,0.141,,3480,0.052604508
3482,0.141,,3482,0.052604508
3486,0.141,,3486,0.052604508
3487,0.141,,3487,0.057360582
3494,0.141,,3494,0.052604508
3495,0.141,,3495,0.052604508
3498,0.141,,3498,0.052604508
3508,0.141,,3508,0.052604508
3511,0.141,,3511,0.052604508
3513,0.141,,3513,0.052604508
3514,0.141,,3514,0.052604508
3520,0.141,,3520,0.09254861
3536,0.141,,3536,0.095559046
3538,0.141,,3538,0.09047982
3549,0.141,,3549,0.11066844
3551,0.141,,3551,0.12002902
3560,0.141,,3560,0.27510306
3562,0.141,,3562,0.12339972
3567,0.141,,3567,0.083654426
3572,0.141,,3572,0.107750565
3573,0.141,,3573,0.08143287
3577,0.141,,3577,0.24786797
3582,0.141,,3582,0.24786797
3585,0.141,,3585,0.16255471
3588,0.141,,3588,0.089367
3594,0.141,,3594,0.052604508
3596,0.141,,3596,0.24786797
3604,0.141,,3604,0.1795082
3608,0.141,,3608,0.18246363
3611,0.141,,3611,0.2906142
3612,0.141,,3612,0.29073232
3618,0.141,,3618,0.15965164
3627,0.141,,3627,0.13263261
3630,0.141,,3630,0.24786797
3635,0.141,,3635,0.39707822
3638,0.141,,3638,0.105767444
3639,0.141,,3639,0.06924601
3645,0.141,,3645,0.13694786
3651,0.141,,3651,0.27046418
3654,0.141,,3654,0.25449845
3656,0.141,,3656,0.24786797
3657,0.141,,3657,0.32586232
3662,0.141,,3662,0.106209576
3671,0.141,,3671,0.13506153
3684,0.141,,3684,0.14473912
3690,0.141,,3690,0.26578167
3699,0.141,,3699,0.15758725
3704,0.141,,3704,0.13647948
3709,0.141,,3709,0.13234659
3714,0.141,,3714,0.13094242
3715,0.141,,3715,0.10915156
3716,0.141,,3716,0.109200984
3721,0.141,,3721,0.13806838
3741,0.141,,3741,0.05560005
3745,0.141,,3745,0.07493529
3767,0.141,,3767,0.09829848
3775,0.141,,3775,0.13347906
3777,0.141,,3777,0.095645234
3779,0.141,,3779,0.13324305
3784,0.141,,3784,0.11739324
3788,0.141,,3788,0.10175072
3793,0.141,,3793,0.20003586
3799,0.141,,3799,0.16752388
3800,0.141,,3800,0.08965729
3804,0.141,,3804,0.10695171
3807,0.141,,3807,0.15910392
3814,0.141,,3814,0.28590983
3818,0.141,,3818,0.07514362
3819,0.141,,3819,0.0753542
3823,0.141,,3823,0.19016498
3827,0.141,,3827,0.15101099
3830,0.141,,3830,0.0973919
3836,0.141,,3836,0.09410866
3842,0.141,,3842,0.12969173
3852,0.141,,3852,0.13234535
3854,0.141,,3854,0.27051914
3864,0.141,,3864,0.06638351
3882,0.141,,3882,0.06348972
3892,0.141,,3892,0.0870935
3897,0.141,,3897,0.09813465
3901,0.141,,3901,0.052604508
3906,0.141,,3906,0.106075674
3907,0.141,,3907,0.14728756
3919,0.141,,3919,0.16842869
3924,0.141,,3924,0.15439697
3941,0.141,,3941,0.054052133
3944,0.141,,3944,0.079349615
3945,0.141,,3945,0.052604508
3949,0.141,,3949,0.052604508
3952,0.141,,3952,0.089191645
3956,0.141,,3956,0.052604508
3957,0.141,,3957,0.052604508
3968,0.141,,3968,0.08783394
3971,0.141,,3971,0.07254614
3978,0.141,,3978,0.08007815
3979,0.141,,3979,0.052868504
3980,0.141,,3980,0.062959574
3983,0.141,,3983,0.052604508
4004,0.141,,4004,0.052604508
4008,0.141,,4008,0.052604508
4016,0.141,,4016,0.052604508
4024,0.141,,4024,0.05290179
4028,0.141,,4028,0.052604508
4038,0.141,,4038,0.052604508
4041,0.141,,4041,0.052604508
4044,0.141,,4044,0.052604508
4052,0.141,,4052,0.052604508
4065,0.141,,4065,0.110936716
4066,0.141,,4066,0.052604508
4067,0.141,,4067,0.05394676
4075,0.141,,4075,0.052604508
4076,0.141,,4076,0.052604508
4079,0.141,,4079,0.052604508
4086,0.141,,4086,0.08552178
4090,0.141,,4090,0.060076836
4091,0.141,,4091,0.15330541
4096,0.141,,4096,0.09942222
4097,0.141,,4097,0.071619496
4098,0.141,,4098,0.101946995
4104,0.141,,4104,0.052604508
4105,0.141,,4105,0.11343889
4108,0.141,,4108,0.12150328
4109,0.141,,4109,0.17626284
4115,0.141,,4115,0.16531916
4117,0.141,,4117,0.18114738
4121,0.141,,4121,0.07074898
4127,0.141,,4127,0.052604508
4128,0.141,,4128,0.053289622
4137,0.141,,4137,0.0780633
4139,0.141,,4139,0.09229636
4140,0.141,,4140,0.13851178
4146,0.141,,4146,0.17685872
4149,0.141,,4149,0.20875846
4151,0.141,,4151,0.14472976
4153,0.141,,4153,0.10210521
4155,0.141,,4155,0.10963684
4167,0.141,,4167,0.052604508
4172,0.141,,4172,0.07871024
4174,0.141,,4174,0.10637221
4187,0.141,,4187,0.052604508
4188,0.141,,4188,0.073510334
4190,0.141,,4190,0.2900845
4195,0.141,,4195,0.24786797
4199,0.141,,4199,0.052604508
4200,0.141,,4200,0.052604508
4201,0.141,,4201,0.08205785
4209,0.141,,4209,0.08807732
4213,0.141,,4213,0.13197073
4226,0.141,,4226,0.079689085
4227,0.141,,4227,0.08509161
4233,0.141,,4233,0.160231
4237,0.141,,4237,0.17365856
4249,0.141,,4249,0.052604508
4258,0.141,,4258,0.123499736
4261,0.141,,4261,0.16670422
4262,0.141,,4262,0.20518632
4267,0.141,,4267,0.09483199
4276,0.141,,4276,0.16584629
4280,0.141,,4280,0.21316035
4281,0.141,,4281,0.06569514
4283,0.141,,4283,0.052604508
4303,0.141,,4303,0.29910088
4309,0.141,,4309,0.3482959
4310,0.141,,4310,0.34103966
4315,0.141,,4315,0.34167823
4316,0.141,,4316,0.32794672
4319,0.141,,4319,0.15147774
4320,0.141,,4320,0.18954864
4324,0.141,,4324,0.12432581
4342,0.141,,4342,0.20539671
4347,0.141,,4347,0.16939898
4356,0.141,,4356,0.15516737
4362,0.141,,4362,0.35934654
4364,0.141,,4364,0.18589029
4366,0.141,,4366,0.12892035
4373,0.141,,4373,0.052604508
4378,0.141,,4378,0.052604508
4384,0.141,,4384,0.052604508
4385,0.141,,4385,0.052604508
4401,0.141,,4401,0.05723016
4402,0.141,,4402,0.08058222
4404,0.141,,4404,0.07674561
4405,0.141,,4405,0.07296372
4406,0.141,,4406,0.052604508
4411,0.141,,4411,0.053473204
4416,0.141,,4416,0.056875892
4421,0.141,,4421,0.07552082
4423,0.141,,4423,0.070463866
4425,0.141,,4425,0.11621861
4427,0.141,,4427,0.05329611
4429,0.141,,4429,0.2807234
4433,0.141,,4433,0.17713305
4438,0.141,,4438,0.107880995
4442,0.141,,4442,0.26339012
4446,0.141,,4446,0.052604508
4454,0.141,,4454,0.11301865
4472,0.141,,4472,0.11667316
4474,0.141,,4474,0.08781931
4480,0.141,,4480,0.12380265
4484,0.141,,4484,0.052604508
4485,0.141,,4485,0.1500238
4501,0.141,,4501,0.052604508
4504,0.141,,4504,0.052604508
4521,0.141,,4521,0.12396175
4534,0.141,,4534,0.077148475
4539,0.141,,4539,0.11135568
4541,0.141,,4541,0.12929806
4558,0.141,,4558,0.13528535
4562,0.141,,4562,0.06602293
4566,0.141,,4566,0.081776924
4568,0.141,,4568,0.10306153
4579,0.141,,4579,0.052604508
4585,0.141,,4585,0.052604508
4593,0.141,,4593,0.052604508
4594,0.141,,4594,0.101869434
4596,0.141,,4596,0.052604508
4598,0.141,,4598,0.074225396
4604,0.141,,4604,0.06816266
4608,0.141,,4608,0.1703334
4610,0.141,,4610,0.12586047
4611,0.141,,4611,0.116402656
4612,0.141,,4612,0.052604508
4617,0.141,,4617,0.09368673
4619,0.141,,4619,0.052604508
4638,0.141,,4638,0.083797395
4650,0.141,,4650,0.15781894
4655,0.141,,4655,0.21808346
4658,0.141,,4658,0.22507244
4662,0.141,,4662,0.13471633
4667,0.141,,4667,0.078742355
4670,0.141,,4670,0.05711211
4671,0.141,,4671,0.052604508
4672,0.141,,4672,0.06335832
4673,0.141,,4673,0.088120714
4674,0.141,,4674,0.07638118
4683,0.141,,4683,0.09386207
4690,0.141,,4690,0.052604508
4696,0.141,,4696,0.07853656
4708,0.141,,4708,0.15237334
4710,0.141,,4710,0.08224891
4712,0.141,,4712,0.052604508
4716,0.141,,4716,0.21443124
4721,0.141,,4721,0.18161137
4722,0.141,,4722,0.17062701
4727,0.141,,4727,0.201898
4728,0.141,,4728,0.052604508
4729,0.141,,4729,0.08587448
4747,0.141,,4747,0.052604508
4748,0.141,,4748,0.07181819
4750,0.141,,4750,0.42735198
4761,0.141,,4761,0.052604508
4763,0.141,,4763,0.052604508
4764,0.141,,4764,0.094093084
4765,0.141,,4765,0.113851085
4770,0.141,,4770,0.052604508
4779,0.141,,4779,0.112371825
4786,0.141,,4786,0.052604508
4794,0.141,,4794,0.052604508
4797,0.141,,4797,0.073180005
4805,0.141,,4805,0.061847523
4808,0.141,,4808,0.22843795
4811,0.141,,4811,0.05962666
4815,0.141,,4815,0.08438069
4818,0.141,,4818,0.052604508
4819,0.141,,4819,0.117386654
4821,0.141,,4821,0.052604508
4822,0.141,,4822,0.052604508
4832,0.141,,4832,0.052604508
4837,0.141,,4837,0.052604508
4838,0.141,,4838,0.052604508
4854,0.141,,4854,0.052604508
4856,0.141,,4856,0.052604508
4859,0.141,,4859,0.052604508
4861,0.141,,4861,0.052604508
4865,0.141,,4865,0.32847542
4873,0.141,,4873,0.083921835
4875,0.141,,4875,0.052604508
4880,0.141,,4880,0.052604508
4883,0.141,,4883,0.06239558
4889,0.141,,4889,0.08189064
4890,0.141,,4890,0.052604508
4893,0.141,,4893,0.052604508
4902,0.141,,4902,0.20907252
4904,0.141,,4904,0.052604508
4908,0.141,,4908,0.052659974
4909,0.141,,4909,0.14003891
4916,0.141,,4916,0.08172024
4936,0.141,,4936,0.13831821
4944,0.141,,4944,0.059371937
4945,0.141,,4945,0.052604508
4948,0.141,,4948,0.09533964
4952,0.141,,4952,0.052604508
4955,0.141,,4955,0.08567338
4961,0.141,,4961,0.10832772
4963,0.141,,4963,0.08473468
4964,0.141,,4964,0.11524649
4966,0.141,,4966,0.16272084
4967,0.141,,4967,0.109696314
4970,0.141,,4970,0.119430006
4984,0.141,,4984,0.18199323
4986,0.141,,4986,0.23681912
4989,0.141,,4989,0.13188338
4991,0.141,,4991,0.08798738
4993,0.141,,4993,0.052604508
5001,0.141,,5001,0.052604508
5009,0.141,,5009,0.08136943
5013,0.141,,5013,0.09378952
5016,0.141,,5016,0.11940627
5025,0.141,,5025,0.053055912
5026,0.141,,5026,0.052604508
5034,0.141,,5034,0.11348985
5037,0.141,,5037,0.11608802
5041,0.141,,5041,0.052604508
5047,0.141,,5047,0.08879848
5055,0.141,,5055,0.052604508
5056,0.141,,5056,0.052604508
5058,0.141,,5058,0.09342079
5065,0.141,,5065,0.052604508
5067,0.141,,5067,0.052604508
5069,0.141,,5069,0.052604508
5075,0.141,,5075,0.052604508
5081,0.141,,5081,0.052604508
5083,0.141,,5083,0.052604508
5086,0.141,,5086,0.052604508
5087,0.141,,5087,0.16885385
5088,0.141,,5088,0.052604508
5089,0.141,,5089,0.08901149
5098,0.141,,5098,0.07989243
5099,0.141,,5099,0.052604508
5108,0.141,,5108,0.21265772
5111,0.141,,5111,0.052604508
5121,0.141,,5121,0.052604508
5125,0.141,,5125,0.06799949
5127,0.141,,5127,0.15413332
5130,0.141,,5130,0.11087754
5134,0.141,,5134,0.052604508
5143,0.141,,5143,0.052604508
5157,0.141,,5157,0.052604508
5159,0.141,,5159,0.052604508
5160,0.141,,5160,0.052604508
5164,0.141,,5164,0.16779637
5193,0.141,,5193,0.052604508
5197,0.141,,5197,0.052604508
5201,0.141,,5201,0.052604508
5204,0.141,,5204,0.052604508
5213,0.141,,5213,0.052604508
5214,0.141,,5214,0.052604508
5224,0.141,,5224,0.06642713
5232,0.141,,5232,0.052604508
5234,0.141,,5234,0.052604508
5238,0.141,,5238,0.07438577
5241,0.141,,5241,0.09358342
5260,0.141,,5260,0.052604508
5270,0.141,,5270,0.052604508
5273,0.141,,5273,0.09064041
5277,0.141,,5277,0.14854929
5281,0.141,,5281,0.17403623
5284,0.141,,5284,0.08256821
5286,0.141,,5286,0.07487029
5291,0.141,,5291,0.08420079
5293,0.141,,5293,0.052604508
5306,0.141,,5306,0.052604508
5308,0.141,,5308,0.052604508
5310,0.141,,5310,0.052604508
5311,0.141,,5311,0.055098332
5319,0.141,,5319,0.052604508
5321,0.141,,5321,0.07941814
5322,0.141,,5322,0.17589302
5324,0.141,,5324,0.06295593
5331,0.141,,5331,0.08272919
5332,0.141,,5332,0.052604508
5335,0.141,,5335,0.08457329
5337,0.141,,5337,0.17874718
5338,0.141,,5338,0.1766184
5344,0.141,,5344,0.10943134
5353,0.141,,5353,0.052604508
5357,0.141,,5357,0.053005498
5369,0.141,,5369,0.07963609
5373,0.141,,5373,0.0811239
5375,0.141,,5375,0.08586691
5383,0.141,,5383,0.07015082
5384,0.141,,5384,0.058687426
5396,0.141,,5396,0.07704535
5423,0.141,,5423,0.052604508
5426,0.141,,5426,0.052604508
5433,0.141,,5433,0.052604508
5434,0.141,,5434,0.052604508
5439,0.141,,5439,0.17888659
5450,0.141,,5450,0.06607565
5451,0.141,,5451,0.05383859
5453,0.141,,5453,0.08654241
5456,0.141,,5456,0.052604508
5469,0.141,,5469,0.1807267
5470,0.141,,5470,0.11004096
5477,0.141,,5477,0.052604508
5482,0.141,,5482,0.053279944
5483,0.141,,5483,0.052604508
5495,0.141,,5495,0.0953015
5498,0.141,,5498,0.11891417
5500,0.141,,5500,0.052604508
5511,0.141,,5511,0.08732465
5512,0.141,,5512,0.09853983
5523,0.141,,5523,0.052604508
5524,0.141,,5524,0.052604508
5525,0.141,,5525,0.073862836
5530,0.141,,5530,0.052604508
5531,0.141,,5531,0.10444054
5537,0.141,,5537,0.052604508
5541,0.141,,5541,0.12571248
5543,0.141,,5543,0.052604508
5544,0.141,,5544,0.052604508
5548,0.141,,5548,0.052604508
5561,0.141,,5561,0.11838338
5579,0.141,,5579,0.0633997
5583,0.141,,5583,0.052604508
5586,0.141,,5586,0.060286183
5589,0.141,,5589,0.052604508
5594,0.141,,5594,0.052604508
5597,0.141,,5597,0.09304097
5603,0.141,,5603,0.12675186
5605,0.141,,5605,0.28238937
5607,0.141,,5607,0.1854396
5616,0.141,,5616,0.2595728
5620,0.141,,5620,0.09778708
5627,0.141,,5627,0.2605496
5639,0.141,,5639,0.17282656
5648,0.141,,5648,1.0873274
5649,0.141,,5649,1.1435738
5651,0.141,,5651,0.3839296
5654,0.141,,5654,0.3746041
5655,0.141,,5655,0.2709506
5656,0.141,,5656,0.2815156
5661,0.141,,5661,0.61727977
5664,0.141,,5664,0.3743532
5672,0.141,,5672,0.052604508
5673,0.141,,5673,0.052604508
5675,0.141,,5675,0.12329781
5681,0.141,,5681,0.29699785
5695,0.141,,5695,0.29257932
5701,0.141,,5701,0.096879035
5704,0.141,,5704,0.25564772
5707,0.141,,5707,0.1912415
5711,0.141,,5711,0.31406644
5714,0.141,,5714,0.09756205
5721,0.141,,5721,0.30069003
5725,0.141,,5725,0.29472664
5727,0.141,,5727,0.4323855
5728,0.141,,5728,0.052604508
5731,0.141,,5731,0.052604508
5734,0.141,,5734,0.052604508
5740,0.141,,5740,0.052604508
5741,0.141,,5741,0.052604508
5752,0.141,,5752,0.052604508
5754,0.141,,5754,0.16188644
5765,0.141,,5765,0.052604508
5767,0.141,,5767,0.052604508
5770,0.141,,5770,0.23100933
5771,0.141,,5771,0.11382766
5772,0.141,,5772,0.06788641
5775,0.141,,5775,0.052604508
5776,0.141,,5776,0.052604508
5782,0.141,,5782,0.052604508
5783,0.141,,5783,0.052604508
5786,0.141,,5786,0.052604508
5788,0.141,,5788,0.052604508
5789,0.141,,5789,0.052604508
5795,0.141,,5795,0.052604508
5797,0.141,,5797,0.052604508
5803,0.141,,5803,0.052604508
5804,0.141,,5804,0.052604508
5806,0.141,,5806,0.052604508
5808,0.141,,5808,0.052604508
5811,0.141,,5811,0.052604508
5817,0.141,,5817,0.052604508
5821,0.141,,5821,0.052604508
5829,0.141,,5829,0.052604508
5830,0.141,,5830,0.052604508
5834,0.141,,5834,0.052604508
5835,0.141,,5835,0.052604508
5837,0.141,,5837,0.052604508
5841,0.141,,5841,0.052604508
5842,0.141,,5842,0.052604508
5852,0.141,,5852,0.052604508
5857,0.141,,5857,0.052604508
5873,0.141,,5873,0.052604508
5874,0.141,,5874,0.052604508
5877,0.141,,5877,0.052604508
5879,0.141,,5879,0.052604508
5906,0.141,,5906,0.09824626
5907,0.141,,5907,0.102125645
5908,0.141,,5908,0.11104654
5911,0.141,,5911,0.118462056
5913,0.141,,5913,0.124249846
5914,0.141,,5914,0.111852266
5925,0.141,,5925,0.080979005
5926,0.141,,5926,0.108210266
5927,0.141,,5927,0.103706524
5931,0.141,,5931,0.09873061
5938,0.141,,5938,0.122221276
5949,0.141,,5949,0.052604508
5951,0.141,,5951,0.11028461
5958,0.141,,5958,0.061993964
5959,0.141,,5959,0.0711142
5960,0.141,,5960,0.062099215
5975,0.141,,5975,0.052604508
5980,0.141,,5980,0.052604508
5985,0.141,,5985,0.052604508
5995,0.141,,5995,0.052604508
6000,0.141,,6000,0.052604508
6004,0.141,,6004,0.052604508
6007,0.141,,6007,0.052604508
6023,0.141,,6023,0.052604508
6030,0.141,,6030,0.052604508
6033,0.141,,6033,0.052604508
6046,0.141,,6046,0.052604508
6054,0.141,,6054,0.1282414
6056,0.141,,6056,0.1251041
6063,0.141,,6063,0.16397366
6070,0.141,,6070,0.10152675
6072,0.141,,6072,0.053124987
6075,0.141,,6075,0.105832145
6077,0.141,,6077,0.07930246
6081,0.141,,6081,0.15462756
6082,0.141,,6082,0.0635672
6090,0.141,,6090,0.09569815
6097,0.141,,6097,0.13429846
6108,0.141,,6108,0.1134736
6112,0.141,,6112,0.09029333
6116,0.141,,6116,0.11384539
6117,0.141,,6117,0.052604508
6127,0.141,,6127,0.2525616
6129,0.141,,6129,0.2344339
6133,0.141,,6133,0.14677918
6141,0.141,,6141,0.052604508
6156,0.141,,6156,0.12704127
6157,0.141,,6157,0.09385313
6161,0.141,,6161,0.10869425
6167,0.141,,6167,0.10667756
6170,0.141,,6170,0.13811016
6181,0.141,,6181,0.052604508
6186,0.141,,6186,0.052604508
6198,0.141,,6198,0.052604508
6206,0.141,,6206,0.113223314
6209,0.141,,6209,0.067191795
6212,0.141,,6212,0.052604508
6216,0.141,,6216,0.108020365
6219,0.141,,6219,0.079861075
6220,0.141,,6220,0.11907926
6221,0.141,,6221,0.10291937
6234,0.141,,6234,0.11466329
6235,0.141,,6235,0.05989529
6236,0.141,,6236,0.052604508
6238,0.141,,6238,0.061931573
6249,0.141,,6249,0.06676839
6251,0.141,,6251,0.052604508
6255,0.141,,6255,0.085969046
6257,0.141,,6257,0.14284386
6261,0.141,,6261,0.0719634
6262,0.141,,6262,0.073104866
6264,0.141,,6264,0.13557419
6276,0.141,,6276,0.17123182
6280,0.141,,6280,0.16626742
6285,0.141,,6285,0.26695922
6293,0.141,,6293,0.14463305
6294,0.141,,6294,0.0757611
6295,0.141,,6295,0.13447112
6296,0.141,,6296,0.1357749
6297,0.141,,6297,0.104269564
6298,0.141,,6298,0.10382976
6306,0.141,,6306,0.13720204
6311,0.141,,6311,0.11667994
6313,0.141,,6313,0.0957267
6316,0.141,,6316,0.11722253
6317,0.141,,6317,0.07655581
6319,0.141,,6319,0.052604508
6325,0.141,,6325,0.052604508
6327,0.141,,6327,0.12258001
6333,0.141,,6333,0.097273454
6335,0.141,,6335,0.052604508
6336,0.141,,6336,0.052604508
6337,0.141,,6337,0.07609841
6338,0.141,,6338,0.10972901
6339,0.141,,6339,0.10083232
6341,0.141,,6341,0.1545264
6356,0.141,,6356,0.05758015
6359,0.141,,6359,0.052604508
6363,0.141,,6363,0.052604508
6367,0.141,,6367,0.08277835
6368,0.141,,6368,0.08705987
6370,0.141,,6370,0.052604508
6373,0.141,,6373,0.052604508
6377,0.141,,6377,0.052604508
6386,0.141,,6386,0.052604508
6387,0.141,,6387,0.052604508
6388,0.141,,6388,0.052604508
6391,0.141,,6391,0.052604508
6398,0.141,,6398,0.06338156
6401,0.141,,6401,0.052604508
6406,0.141,,6406,0.09583455
6417,0.141,,6417,0.5098647
6427,0.141,,6427,0.63925374
6429,0.141,,6429,0.41686875
6439,0.141,,6439,0.11712292
6441,0.141,,6441,0.061496437
6443,0.141,,6443,0.17331241
6448,0.141,,6448,0.25077784
6454,0.141,,6454,0.08334674
6469,0.141,,6469,0.1027883
6471,0.141,,6471,0.09863849
6475,0.141,,6475,0.052604508
6476,0.141,,6476,0.052604508
6477,0.141,,6477,0.052604508
6490,0.141,,6490,0.08895823
6495,0.141,,6495,0.10479608
6506,0.141,,6506,0.42821082
6510,0.141,,6510,0.25495732
6514,0.141,,6514,0.064899646
6521,0.141,,6521,0.1657379
6522,0.141,,6522,0.33176565
6523,0.141,,6523,0.13742456
6524,0.141,,6524,0.12105942
6534,0.141,,6534,0.10185994
6547,0.141,,6547,0.09711279
6559,0.141,,6559,0.29756686
6567,0.141,,6567,0.0574065
6568,0.141,,6568,0.060758557
6585,0.141,,6585,0.13227595
6588,0.141,,6588,0.1279214
6591,0.141,,6591,0.057873014
6596,0.141,,6596,0.105238974
6613,0.141,,6613,0.102244034
6618,0.141,,6618,0.052604508
6620,0.141,,6620,0.052604508
6622,0.141,,6622,0.052604508
6630,0.141,,6630,0.052604508
6631,0.141,,6631,0.052604508
6633,0.141,,6633,0.052604508
6634,0.141,,6634,0.052604508
6638,0.141,,6638,0.51621675
6645,0.141,,6645,0.052604508
6650,0.141,,6650,0.052604508
6653,0.141,,6653,0.052604508
6672,0.141,,6672,0.052604508
6675,0.141,,6675,0.08980258
6676,0.141,,6676,0.052604508
6682,0.141,,6682,0.052604508
6683,0.141,,6683,0.052604508
6685,0.141,,6685,0.052604508
6689,0.141,,6689,0.092990786
6690,0.141,,6690,0.09760297
6705,0.141,,6705,0.052604508
6712,0.141,,6712,0.10549261
6713,0.141,,6713,0.107567266
6714,0.141,,6714,0.052604508
6719,0.141,,6719,0.12474929
6721,0.141,,6721,0.13970932
6726,0.141,,6726,0.052604508
6732,0.141,,6732,0.063884266
6735,0.141,,6735,0.075008206
6736,0.141,,6736,0.06921603
6739,0.141,,6739,0.052604508
6754,0.141,,6754,0.052604508
6755,0.141,,6755,0.052604508
6757,0.141,,6757,0.052604508
6764,0.141,,6764,0.102799326
6765,0.141,,6765,0.058923945
6766,0.141,,6766,0.057675198
6768,0.141,,6768,0.1633871
6770,0.141,,6770,0.05951854
6781,0.141,,6781,0.052604508
6783,0.141,,6783,0.052604508
6784,0.141,,6784,0.052604508
6786,0.141,,6786,0.052604508
6800,0.141,,6800,0.13348064
6805,0.141,,6805,0.085513264
6810,0.141,,6810,0.070762634
6844,0.141,,6844,0.06749242
6846,0.141,,6846,0.076189406
6853,0.141,,6853,0.082922295
6854,0.141,,6854,0.055733338
6855,0.141,,6855,0.06383861
6859,0.141,,6859,0.10532792
6871,0.141,,6871,0.052604508
6877,0.141,,6877,0.07482551
6887,0.141,,6887,0.122987226
6889,0.141,,6889,0.08461932
6890,0.141,,6890,0.081978574
6891,0.141,,6891,0.07249041
6899,0.141,,6899,0.10579313
6902,0.141,,6902,0.1251591
6916,0.141,,6916,0.10632734
6920,0.141,,6920,0.1583141
6925,0.141,,6925,0.17573915
6926,0.141,,6926,0.15832813
6928,0.141,,6928,0.102891944
6933,0.141,,6933,0.08237392
6946,0.141,,6946,0.2848931
6958,0.141,,6958,0.12934662
6966,0.141,,6966,0.060778864
6992,0.141,,6992,0.052604508
6999,0.141,,6999,0.052604508
7002,0.141,,7002,0.08623518
7004,0.141,,7004,0.052604508
7006,0.141,,7006,0.052604508
7010,0.141,,7010,0.11925824
7011,0.141,,7011,0.08381958
7012,0.141,,7012,0.12100834
7017,0.141,,7017,0.17001803
7018,0.141,,7018,0.2558607
7019,0.141,,7019,0.2795278
7020,0.141,,7020,0.24760418
7022,0.141,,7022,0.2669846
7027,0.141,,7027,0.091041975
7032,0.141,,7032,0.069746695
7033,0.141,,7033,0.052604508
7034,0.141,,7034,0.24786797
7039,0.141,,7039,0.052604508
7042,0.141,,7042,0.07862431
7046,0.141,,7046,0.098293334
7067,0.141,,7067,0.27823004
7068,0.141,,7068,0.6633687
7070,0.141,,7070,0.28352278
7078,0.141,,7078,0.3084545
7079,0.141,,7079,0.5936297
7080,0.141,,7080,0.35673344
7090,0.141,,7090,0.052604508
7092,0.141,,7092,0.12626874
7101,0.141,,7101,0.05282634
7103,0.141,,7103,0.052604508
7111,0.141,,7111,0.052604508
7112,0.141,,7112,0.052604508
7113,0.141,,7113,0.05588695
7120,0.141,,7120,0.052604508
7122,0.141,,7122,0.05446053
7123,0.141,,7123,0.07062693
7126,0.141,,7126,0.052604508
7127,0.141,,7127,0.052604508
7129,0.141,,7129,0.20344731
7130,0.141,,7130,0.052604508
7132,0.141,,7132,0.24786797
7145,0.141,,7145,0.33460942
7148,0.141,,7148,0.29901874
7149,0.141,,7149,0.33528107
7157,0.141,,7157,0.1283653
7158,0.141,,7158,0.08487214
7160,0.141,,7160,0.24991167
7161,0.141,,7161,0.1117968
7162,0.141,,7162,0.19979905
7167,0.141,,7167,0.23240231
7173,0.141,,7173,0.10705463
7181,0.141,,7181,0.052604508
7186,0.141,,7186,0.19058375
7187,0.141,,7187,0.16944054
7190,0.141,,7190,0.22312666
7192,0.141,,7192,0.2994273
7194,0.141,,7194,0.119991824
7195,0.141,,7195,0.2722232
7196,0.141,,7196,0.28280464
7210,0.141,,7210,0.19605042
7214,0.141,,7214,0.13550697
7227,0.141,,7227,0.08128534
7230,0.141,,7230,0.1363768
7244,0.141,,7244,0.08363416
7246,0.141,,7246,0.19612396
7248,0.141,,7248,0.15803133
7251,0.141,,7251,0.34007
7255,0.141,,7255,0.054247923
7260,0.141,,7260,0.052604508
7264,0.141,,7264,0.052604508
7265,0.141,,7265,0.052604508
7267,0.141,,7267,0.1876355
7272,0.141,,7272,0.06677679
7280,0.141,,7280,0.16128352
7286,0.141,,7286,0.06960633
7295,0.141,,7295,0.052604508
7298,0.141,,7298,0.06955041
7299,0.141,,7299,0.052604508
7301,0.141,,7301,0.07585031
7306,0.141,,7306,0.052604508
7308,0.141,,7308,0.052604508
7313,0.141,,7313,0.052604508
7315,0.141,,7315,0.052604508
7316,0.141,,7316,0.052604508
7317,0.141,,7317,0.09237094
7323,0.141,,7323,0.053896174
7324,0.141,,7324,0.052604508
7327,0.141,,7327,0.052604508
7328,0.141,,7328,0.052604508
7329,0.141,,7329,0.052604508
7331,0.141,,7331,0.06563568
7338,0.141,,7338,0.59841746
7339,0.141,,7339,0.09889983
7345,0.141,,7345,0.09962669
7346,0.141,,7346,0.283207
7349,0.141,,7349,0.1411803
7350,0.141,,7350,0.14140327
7351,0.141,,7351,0.2417501
7353,0.141,,7353,0.11627263
7358,0.141,,7358,0.25710565
7359,0.141,,7359,0.14893934
7369,0.141,,7369,0.1514942
7373,0.141,,7373,0.11369114
7374,0.141,,7374,0.09165855
7381,0.141,,7381,0.12926698
7387,0.141,,7387,0.052604508
7397,0.141,,7397,0.16829942
7405,0.141,,7405,0.071806304
7407,0.141,,7407,0.052604508
7418,0.141,,7418,0.052604508
7420,0.141,,7420,0.052604508
7426,0.141,,7426,0.10393472
7431,0.141,,7431,0.052604508
7432,0.141,,7432,0.052604508
7435,0.141,,7435,0.052604508
7439,0.141,,7439,0.17435113
7440,0.141,,7440,0.14960197
7450,0.141,,7450,0.12226939
7451,0.141,,7451,0.19084926
7454,0.141,,7454,0.062822424
7465,0.141,,7465,0.077113405
7472,0.141,,7472,0.052604508
7479,0.141,,7479,0.052604508
7481,0.141,,7481,0.052604508
7483,0.141,,7483,0.052604508
7485,0.141,,7485,0.052604508
7491,0.141,,7491,0.052604508
7495,0.141,,7495,0.09300555
7498,0.141,,7498,0.052604508
7517,0.141,,7517,0.110290006
7521,0.141,,7521,0.10552305
7524,0.141,,7524,0.10028756
7525,0.141,,7525,0.10142788
7530,0.141,,7530,0.09346734
7537,0.141,,7537,0.07429238
7541,0.141,,7541,0.11037557
7542,0.141,,7542,0.11293839
7544,0.141,,7544,0.11293019
7547,0.141,,7547,0.10312089
7548,0.141,,7548,0.103065774
7557,0.141,,7557,0.086341664
7559,0.141,,7559,0.096433595
7565,0.141,,7565,0.0719887
7570,0.141,,7570,0.05427944
7572,0.141,,7572,0.069317706
7574,0.141,,7574,0.08131151
7576,0.141,,7576,0.08141351
7578,0.141,,7578,0.05789627
7586,0.141,,7586,0.0755313
7587,0.141,,7587,0.07555836
7588,0.141,,7588,0.052604508
7593,0.141,,7593,0.08477327
7596,0.141,,7596,0.08168389
7605,0.141,,7605,0.08952429
7613,0.141,,7613,0.075417444
7614,0.141,,7614,0.075194836
7621,0.141,,7621,0.08099267
7626,0.141,,7626,0.084767506
7642,0.141,,7642,0.052604508
7643,0.141,,7643,0.052604508
7644,0.141,,7644,0.052604508
7652,0.141,,7652,0.052604508
7655,0.141,,7655,0.052604508
7659,0.141,,7659,0.052604508
7664,0.141,,7664,0.052604508
7667,0.141,,7667,0.052604508
7670,0.141,,7670,0.052604508
7671,0.141,,7671,0.052604508
7676,0.141,,7676,0.052604508
7678,0.141,,7678,0.052604508
7682,0.141,,7682,0.052604508
7684,0.141,,7684,0.052604508
7690,0.141,,7690,0.09776819
7695,0.141,,7695,0.08420172
7696,0.141,,7696,0.08423601
7699,0.141,,7699,0.08220594
7707,0.141,,7707,0.07849022
7708,0.141,,7708,0.08693613
7721,0.141,,7721,0.07699855
7724,0.141,,7724,0.078263186
7729,0.141,,7729,0.06677361
7736,0.141,,7736,0.06724015
7746,0.141,,7746,0.052604508
7752,0.141,,7752,0.052604508
7754,0.141,,7754,0.07618134
7755,0.141,,7755,0.07616034
7760,0.141,,7760,0.052604508
7761,0.141,,7761,0.052604508
7772,0.141,,7772,0.052604508
7777,0.141,,7777,0.052604508
7784,0.141,,7784,0.052604508
7790,0.141,,7790,0.052604508
7792,0.141,,7792,0.052604508
7794,0.141,,7794,0.052604508
7803,0.141,,7803,0.052604508
7805,0.141,,7805,0.052604508
7818,0.141,,7818,0.052604508
7819,0.141,,7819,0.052604508
7822,0.141,,7822,0.052604508
7847,0.141,,7847,0.052604508
7859,0.141,,7859,0.060024057
7878,0.141,,7878,0.052604508
7879,0.141,,7879,0.052604508
7886,0.141,,7886,0.063615054
7899,0.141,,7899,0.052604508
7900,0.141,,7900,0.052604508
7909,0.141,,7909,0.052604508
7912,0.141,,7912,0.052604508
7917,0.141,,7917,0.052604508
7920,0.141,,7920,0.052604508
7926,0.141,,7926,0.052604508
7928,0.141,,7928,0.052604508
7933,0.141,,7933,0.052604508
7938,0.141,,7938,0.07735789
7939,0.141,,7939,0.06500057
7941,0.141,,7941,0.06498875
7942,0.141,,7942,0.052604508
7945,0.141,,7945,0.07361202
7948,0.141,,7948,0.08242734
7949,0.141,,7949,0.082390934
7951,0.141,,7951,0.07016736
7952,0.141,,7952,0.052604508
7959,0.141,,7959,0.052604508
7966,0.141,,7966,0.052604508
7973,0.141,,7973,0.052604508
7978,0.141,,7978,0.052604508
7981,0.141,,7981,0.052604508
7985,0.141,,7985,0.2836171
7994,0.141,,7994,0.08379139
7998,0.141,,7998,0.25091857
8007,0.141,,8007,0.2939961
8009,0.141,,8009,0.17169745
8011,0.141,,8011,0.155009
8016,0.141,,8016,0.09880394
8017,0.141,,8017,0.17013215
8031,0.141,,8031,0.11644834
8036,0.141,,8036,0.11795567
8041,0.141,,8041,0.052604508
8042,0.141,,8042,0.11779632
8061,0.141,,8061,0.16158752
8071,0.141,,8071,0.081467345
8076,0.141,,8076,0.16029528
8079,0.141,,8079,0.12170236
8086,0.141,,8086,0.13445014
8093,0.141,,8093,0.066327885
8094,0.141,,8094,0.052796327
8101,0.141,,8101,0.073094055
8124,0.141,,8124,0.1031457
8125,0.141,,8125,0.052604508
8126,0.141,,8126,0.061890718
8133,0.141,,8133,0.13817759
8146,0.141,,8146,0.063260406
8156,0.141,,8156,0.052604508
8163,0.141,,8163,0.052604508
8165,0.141,,8165,0.052604508
8168,0.141,,8168,0.052604508
8180,0.141,,8180,0.052604508
8182,0.141,,8182,0.052604508
8200,0.141,,8200,0.052604508
8205,0.141,,8205,0.052604508
8223,0.141,,8223,0.085835755
8226,0.141,,8226,0.1496547
8227,0.141,,8227,0.052604508
8234,0.141,,8234,0.28710672
8235,0.141,,8235,0.6404091
8236,0.141,,8236,0.5726654
8237,0.141,,8237,0.08620392
8238,0.141,,8238,0.1048368
8250,0.141,,8250,0.052604508
8253,0.141,,8253,0.061137576
8260,0.141,,8260,0.112690195
8270,0.141,,8270,0.1062938
8273,0.141,,8273,0.052604508
8283,0.141,,8283,0.052604508
8284,0.141,,8284,0.052604508
8288,0.141,,8288,0.052604508
8290,0.141,,8290,0.052604508
8293,0.141,,8293,0.052604508
8299,0.141,,8299,0.052604508
8301,0.141,,8301,0.05800018
8305,0.141,,8305,0.052604508
8310,0.141,,8310,0.10852854
8318,0.141,,8318,0.10692375
8325,0.141,,8325,0.052604508
8330,0.141,,8330,0.052604508
8335,0.141,,8335,0.08434175
8350,0.141,,8350,0.25243527
8360,0.141,,8360,0.35566834
8370,0.141,,8370,0.2598342
8372,0.141,,8372,0.34178913
8374,0.141,,8374,0.2175002
8380,0.141,,8380,0.22924782
8385,0.141,,8385,0.15963934
8387,0.141,,8387,0.15937091
8397,0.141,,8397,0.45343453
8401,0.141,,8401,0.18950793
8408,0.141,,8408,0.10695984
8413,0.141,,8413,0.30527765
8420,0.141,,8420,0.25875512
8430,0.141,,8430,0.0907249
8435,0.141,,8435,0.052604508
8436,0.141,,8436,0.052604508
8440,0.141,,8440,0.077276155
8447,0.141,,8447,0.060861863
8453,0.141,,8453,0.052604508
8459,0.141,,8459,0.052604508
8460,0.141,,8460,0.052604508
8461,0.141,,8461,0.052604508
8467,0.141,,8467,0.07195426
8474,0.141,,8474,0.091182604
8475,0.141,,8475,0.090661615
8477,0.141,,8477,0.16929513
8478,0.141,,8478,0.32931545
8481,0.141,,8481,0.1117201
8483,0.141,,8483,0.29304367
8494,0.141,,8494,0.073541425
8496,0.141,,8496,0.31968996
8502,0.141,,8502,0.09356472
8511,0.141,,8511,0.063569404
8513,0.141,,8513,0.052604508
8516,0.141,,8516,0.052604508
8519,0.141,,8519,0.06779029
8524,0.141,,8524,0.33374333
8527,0.141,,8527,0.15031981
8531,0.141,,8531,0.081269555
8535,0.141,,8535,0.24786797
8539,0.141,,8539,0.07361956
8540,0.141,,8540,0.1118924
8544,0.141,,8544,0.058586735
8550,0.141,,8550,0.052604508
8561,0.141,,8561,0.27490252
8591,0.141,,8591,0.08435738
8596,0.141,,8596,0.101386845
8601,0.141,,8601,0.36374497
8604,0.141,,8604,0.069813274
8608,0.141,,8608,0.12651962
8612,0.141,,8612,0.052604508
8615,0.141,,8615,0.3105544
8620,0.141,,8620,0.123680875
8626,0.141,,8626,0.08051835
8630,0.141,,8630,0.061000273
8631,0.141,,8631,0.05303159
8640,0.141,,8640,0.05429413
8642,0.141,,8642,0.052604508
8644,0.141,,8644,0.38182038
8650,0.141,,8650,0.097033925
8654,0.141,,8654,0.18949328
8657,0.141,,8657,0.14080024
8659,0.141,,8659,0.08192551
8662,0.141,,8662,0.15173176
8663,0.141,,8663,0.15462579
8665,0.141,,8665,0.089074805
8667,0.141,,8667,0.052745722
8669,0.141,,8669,0.14591658
8671,0.141,,8671,0.11891176
8680,0.141,,8680,0.10808289
8683,0.141,,8683,0.052604508
8684,0.141,,8684,0.107854635
8690,0.141,,8690,0.052604508
8694,0.141,,8694,0.052604508
8696,0.141,,8696,0.052604508
8699,0.141,,8699,0.05289769
8706,0.141,,8706,0.052604508
8709,0.141,,8709,0.052604508
8711,0.141,,8711,0.052604508
8712,0.141,,8712,0.058511447
8713,0.141,,8713,0.052604508
8714,0.141,,8714,0.15871403
8715,0.141,,8715,0.052604508
8716,0.141,,8716,0.103583515
8726,0.141,,8726,0.20430236
8727,0.141,,8727,0.118578136
8730,0.141,,8730,0.19693235
8735,0.141,,8735,0.17302209
8740,0.141,,8740,0.19210832
8744,0.141,,8744,0.1856258
8746,0.141,,8746,0.3374458
8750,0.141,,8750,0.1642276
8751,0.141,,8751,0.16419251
8752,0.141,,8752,0.19601879
8756,0.141,,8756,0.11327769
8765,0.141,,8765,0.052604508
8766,0.141,,8766,0.13088216
8770,0.141,,8770,0.055763718
8771,0.141,,8771,0.052604508
8773,0.141,,8773,0.052604508
8778,0.141,,8778,0.052604508
8779,0.141,,8779,0.052604508
8782,0.141,,8782,0.052604508
8783,0.141,,8783,0.082467645
8795,0.141,,8795,0.052604508
8810,0.141,,8810,0.08145112
8815,0.141,,8815,0.09564414
8817,0.141,,8817,0.10805082
8823,0.141,,8823,0.052604508
8830,0.141,,8830,0.052604508
8833,0.141,,8833,0.052604508
8839,0.141,,8839,0.11875723
8843,0.141,,8843,0.12242536
8846,0.141,,8846,0.25861767
8852,0.141,,8852,0.3014312
8853,0.141,,8853,0.09392193
8858,0.141,,8858,0.12808563
8860,0.141,,8860,0.109061584
8861,0.141,,8861,0.13276485
8864,0.141,,8864,0.052604508
8867,0.141,,8867,0.058650002
8868,0.141,,8868,0.05865583
8880,0.141,,8880,0.14007121
8884,0.141,,8884,0.052604508
8887,0.141,,8887,0.24786797
8889,0.141,,8889,0.1321067
8890,0.141,,8890,0.052604508
8892,0.141,,8892,0.052604508
8904,0.141,,8904,0.16204935
8905,0.141,,8905,0.102944076
8906,0.141,,8906,0.20248018
8912,0.141,,8912,0.32093185
8913,0.141,,8913,0.29225796
8931,0.141,,8931,0.27871135
8934,0.141,,8934,0.30124947
8936,0.141,,8936,0.19795798
8940,0.141,,8940,0.17078267
8944,0.141,,8944,0.13944104
8946,0.141,,8946,0.42548198
8947,0.141,,8947,0.35493988
8953,0.141,,8953,0.20399457
8955,0.141,,8955,0.13901272
8956,0.141,,8956,0.5053069
8957,0.141,,8957,0.29534864
8958,0.141,,8958,0.052604508
8959,0.141,,8959,0.052604508
8960,0.141,,8960,0.052604508
8962,0.141,,8962,0.08028956
8964,0.141,,8964,0.052604508
8976,0.141,,8976,0.11412909
8984,0.141,,8984,0.08252531
8985,0.141,,8985,0.052604508
8990,0.141,,8990,0.14380881
9004,0.141,,9004,0.052604508
9009,0.141,,9009,0.052604508
9018,0.141,,9018,0.2785959
9025,0.141,,9025,0.053403337
9026,0.141,,9026,0.07876716
9036,0.141,,9036,0.11062446
9040,0.141,,9040,0.052604508
9042,0.141,,9042,0.052604508
9043,0.141,,9043,0.08405231
9045,0.141,,9045,0.05363895
9047,0.141,,9047,0.052604508
9049,0.141,,9049,0.07920641
9050,0.141,,9050,0.052604508
9052,0.141,,9052,0.052604508
9053,0.141,,9053,0.052604508
9069,0.141,,9069,0.36105776
9071,0.141,,9071,0.28756186
9078,0.141,,9078,0.10275437
9089,0.141,,9089,0.052604508
9092,0.141,,9092,0.057636306
9095,0.141,,9095,0.052604508
9100,0.141,,9100,0.10385615
9105,0.141,,9105,0.053748768
9108,0.141,,9108,0.14652486
9112,0.141,,9112,0.117301
9116,0.141,,9116,0.1510566
9121,0.141,,9121,0.08286911
9123,0.141,,9123,0.052604508
9129,0.141,,9129,0.12308113
9130,0.141,,9130,0.42863598
9132,0.141,,9132,0.34039253
9135,0.141,,9135,0.052604508
9136,0.141,,9136,0.052604508
9149,0.141,,9149,0.080539346
9150,0.141,,9150,0.052604508
9151,0.141,,9151,0.052604508
9153,0.141,,9153,0.11389835
9154,0.141,,9154,0.052604508
9165,0.141,,9165,0.052604508
9170,0.141,,9170,0.09315561
9181,0.141,,9181,0.056205098
9192,0.141,,9192,0.3982126
9193,0.141,,9193,0.44982722
9199,0.141,,9199,0.09472406
9201,0.141,,9201,0.18385208
9206,0.141,,9206,0.052604508
9209,0.141,,9209,0.20772834
9212,0.141,,9212,0.12121987
9213,0.141,,9213,0.3710263
9227,0.141,,9227,0.11625731
9230,0.141,,9230,0.11128561
9237,0.141,,9237,0.0869039
9257,0.141,,9257,0.09906457
9258,0.141,,9258,0.085782975
9261,0.141,,9261,0.052604508
9264,0.141,,9264,0.052604508
9266,0.141,,9266,0.09775135
9267,0.141,,9267,0.10357496
9268,0.141,,9268,0.11071837
9272,0.141,,9272,0.24786797
9280,0.141,,9280,0.15339178
9285,0.141,,9285,0.10745393
9292,0.141,,9292,0.055455185
9297,0.141,,9297,0.085763514
9299,0.141,,9299,0.052604508
9302,0.141,,9302,0.11767955
9303,0.141,,9303,0.081618294
9308,0.141,,9308,0.06562326
9312,0.141,,9312,0.067778006
9340,0.141,,9340,0.25576624
9363,0.141,,9363,0.052604508
9377,0.141,,9377,0.052604508
9378,0.141,,9378,0.10719442
9387,0.141,,9387,0.20597816
9388,0.141,,9388,0.2565219
9398,0.141,,9398,0.08420621
9403,0.141,,9403,0.6068096
9404,0.141,,9404,0.40192387
9405,0.141,,9405,0.45672035
9410,0.141,,9410,0.10824424
9411,0.141,,9411,0.052604508
9412,0.141,,9412,0.052604508
9415,0.141,,9415,0.052604508
9416,0.141,,9416,0.07695991
9420,0.141,,9420,0.052604508
9421,0.141,,9421,0.090546235
9422,0.141,,9422,0.074625045
9429,0.141,,9429,0.062067315
9437,0.141,,9437,0.052604508
9441,0.141,,9441,0.054714896
9443,0.141,,9443,0.06732231
9454,0.141,,9454,0.052604508
9459,0.141,,9459,0.052604508
9463,0.141,,9463,0.07694478
9466,0.141,,9466,0.07198067
9467,0.141,,9467,0.117383555
9468,0.141,,9468,0.08780599
9479,0.141,,9479,0.052604508
9483,0.141,,9483,0.052604508
9485,0.141,,9485,0.09692694
9488,0.141,,9488,0.115125224
9509,0.141,,9509,0.22559275
9512,0.141,,9512,0.052604508
9514,0.141,,9514,0.052604508
9517,0.141,,9517,0.1452949
9526,0.141,,9526,0.08303124
9527,0.141,,9527,0.07543075
9529,0.141,,9529,0.077719666
9533,0.141,,9533,0.10960288
9534,0.141,,9534,0.0830649
9536,0.141,,9536,0.061376974
9543,0.141,,9543,0.08448534
9545,0.141,,9545,0.085092224
9554,0.141,,9554,0.14233463
9556,0.141,,9556,0.12461567
9557,0.141,,9557,0.12834986
9563,0.141,,9563,0.15328144
9565,0.141,,9565,0.27377373
9568,0.141,,9568,0.13407874
9574,0.141,,9574,0.12473923
9577,0.141,,9577,0.15411001
9584,0.141,,9584,0.076808095
9588,0.141,,9588,0.09389633
9590,0.141,,9590,0.17756216
9595,0.141,,9595,0.350799
9605,0.141,,9605,0.09977472
9608,0.141,,9608,0.08126779
9610,0.141,,9610,0.098187424
9611,0.141,,9611,0.10808867
9612,0.141,,9612,0.12824856
9614,0.141,,9614,0.052604508
9618,0.141,,9618,0.08086772
9624,0.141,,9624,0.052604508
9625,0.141,,9625,0.052604508
9626,0.141,,9626,0.054024898
9632,0.141,,9632,0.052604508
9652,0.141,,9652,0.13611242
9657,0.141,,9657,0.094372004
9659,0.141,,9659,0.08546773
9660,0.141,,9660,0.08548819
9664,0.141,,9664,0.06625555
9666,0.141,,9666,0.59407395
9671,0.141,,9671,0.29655334
9693,0.141,,9693,0.052604508
9695,0.141,,9695,0.26134902
9699,0.141,,9699,0.08349183
9701,0.141,,9701,0.105290174
9707,0.141,,9707,0.17475632
9715,0.141,,9715,0.14261541
9718,0.141,,9718,0.28948757
9719,0.141,,9719,0.10691041
9722,0.141,,9722,0.106805354
9723,0.141,,9723,0.08960639
9725,0.141,,9725,0.38389495
9728,0.141,,9728,0.14134747
9732,0.141,,9732,0.09776838
9736,0.141,,9736,0.19061118
9748,0.141,,9748,0.1593675
9767,0.141,,9767,0.343426
9768,0.141,,9768,0.27514085
9772,0.141,,9772,0.3086051
9775,0.141,,9775,0.052604508
9781,0.141,,9781,0.052604508
9787,0.141,,9787,0.064943746
9788,0.141,,9788,0.058057792
9791,0.141,,9791,0.052604508
9800,0.141,,9800,0.2476912
9806,0.141,,9806,0.052604508
9808,0.141,,9808,0.066136524
9809,0.141,,9809,0.13922279
9811,0.141,,9811,0.14551371
9813,0.141,,9813,0.052604508
9819,0.141,,9819,0.10969648
9822,0.141,,9822,0.086652175
9823,0.141,,9823,0.24786797
9837,0.141,,9837,0.10438101
9838,0.141,,9838,0.098459855
9846,0.141,,9846,0.10562639
9847,0.141,,9847,0.060984466
9848,0.141,,9848,0.052604508
9857,0.141,,9857,0.07695024
9861,0.141,,9861,0.0861538
9867,0.141,,9867,0.13642287
9869,0.141,,9869,0.16024137
9872,0.141,,9872,0.15398568
9877,0.141,,9877,0.1622379
9881,0.141,,9881,0.22331329
9886,0.141,,9886,0.052604508
9889,0.141,,9889,0.052604508
9899,0.141,,9899,0.06464082
9902,0.141,,9902,0.05863111
9908,0.141,,9908,0.052604508
9909,0.141,,9909,0.08054161
9910,0.141,,9910,0.07149803
9913,0.141,,9913,0.052604508
9920,0.141,,9920,0.052604508
9923,0.141,,9923,0.08788817
9930,0.141,,9930,0.0870747
9931,0.141,,9931,0.053935118
9940,0.141,,9940,0.30187818
9975,0.141,,9975,0.1579082
9977,0.141,,9977,0.06355547
9978,0.141,,9978,0.052604508
9980,0.141,,9980,0.07678497
9985,0.141,,9985,0.12581699
9987,0.141,,9987,0.28993928
9989,0.141,,9989,0.052604508
9996,0.141,,9996,0.052604508
10004,0.141,,10004,0.06625637
10012,0.141,,10012,0.052604508
10015,0.141,,10015,0.074050665
10016,0.141,,10016,0.07809944
10018,0.141,,10018,0.08658081
10023,0.141,,10023,0.05300009
10024,0.141,,10024,0.08590345
10033,0.141,,10033,0.052604508
10046,0.141,,10046,0.052604508
10050,0.141,,10050,0.20735464
10052,0.141,,10052,0.104238674
10056,0.141,,10056,0.08581336
10065,0.141,,10065,0.17903335
10067,0.141,,10067,0.16469483
10069,0.141,,10069,0.16760774
10078,0.141,,10078,0.16983962
10079,0.141,,10079,0.11449288
10082,0.141,,10082,0.12788616
10084,0.141,,10084,0.23941396
10086,0.141,,10086,0.07416031
10087,0.141,,10087,0.10982678
10094,0.141,,10094,0.15774696
10096,0.141,,10096,0.110515356
10117,0.141,,10117,0.24786797
10121,0.141,,10121,0.24094489
10124,0.141,,10124,0.07477033
10131,0.141,,10131,0.10644086
10134,0.141,,10134,0.052604508
10139,0.141,,10139,0.1361953
10145,0.141,,10145,0.08444919
10150,0.141,,10150,0.052604508
10153,0.141,,10153,0.24574666
10154,0.141,,10154,0.24578151
10155,0.141,,10155,0.19179024
10156,0.141,,10156,0.08686787
10157,0.141,,10157,0.09123652
10161,0.141,,10161,0.11422758
10178,0.141,,10178,0.052604508
10182,0.141,,10182,0.052604508
10189,0.141,,10189,0.12033488
10190,0.141,,10190,0.06132577
10191,0.141,,10191,0.12392624
10192,0.141,,10192,0.6453587
10207,0.141,,10207,0.10230732
10213,0.141,,10213,0.078592256
10224,0.141,,10224,0.052604508
10225,0.141,,10225,0.052604508
10230,0.141,,10230,0.058445368
10232,0.141,,10232,0.052604508
10233,0.141,,10233,0.052604508
10235,0.141,,10235,0.052604508
10236,0.141,,10236,0.10607459
10237,0.141,,10237,0.052604508
10243,0.141,,10243,0.052604508
10246,0.141,,10246,0.052604508
10258,0.141,,10258,0.08860561
10271,0.141,,10271,0.29122198
10279,0.141,,10279,0.108958244
10295,0.141,,10295,0.052604508
10301,0.141,,10301,0.072672464
10302,0.141,,10302,0.092075326
10311,0.141,,10311,0.33108312
10312,0.141,,10312,0.052604508
10316,0.141,,10316,0.052604508
10317,0.141,,10317,0.052604508
10320,0.141,,10320,0.052604508
10326,0.141,,10326,0.2365597
10328,0.141,,10328,0.27318215
10331,0.141,,10331,0.08044325
10336,0.141,,10336,0.26418364
10344,0.141,,10344,0.061947264
10347,0.141,,10347,0.052604508
10354,0.141,,10354,0.11045575
10357,0.141,,10357,0.058129147
10360,0.141,,10360,0.080388114
10362,0.141,,10362,0.08683132
10363,0.141,,10363,0.069903076
10372,0.141,,10372,0.12684491
10374,0.141,,10374,0.052604508
10375,0.141,,10375,0.052604508
10383,0.141,,10383,0.052604508
10388,0.141,,10388,0.16707143
10390,0.141,,10390,0.2697115
10395,0.141,,10395,0.08696663
10398,0.141,,10398,0.068156384
10401,0.141,,10401,0.052604508
10403,0.141,,10403,0.082152806
10408,0.141,,10408,0.45758635
10412,0.141,,10412,0.07148357
10414,0.141,,10414,0.35229954
10418,0.141,,10418,0.30458945
10424,0.141,,10424,0.27265704
10425,0.141,,10425,0.27744696
10444,0.141,,10444,0.2690893
10448,0.141,,10448,0.083133124
10451,0.141,,10451,0.052604508
10453,0.141,,10453,0.052604508
10455,0.141,,10455,0.052604508
10459,0.141,,10459,0.1632882
10462,0.141,,10462,0.114013344
10471,0.141,,10471,0.057475414
10475,0.141,,10475,0.07600942
10485,0.141,,10485,0.052604508
10491,0.141,,10491,0.052604508
10496,0.141,,10496,0.052604508
10497,0.141,,10497,0.18502736
10499,0.141,,10499,0.08631189
10505,0.141,,10505,0.11746529
10512,0.141,,10512,0.14390513
10515,0.141,,10515,0.2954044
10519,0.141,,10519,0.5379335
10520,0.141,,10520,0.46158788
10528,0.141,,10528,0.0944238
10530,0.141,,10530,0.7980926
10533,0.141,,10533,0.4660664
10538,0.141,,10538,0.12605608
10540,0.141,,10540,0.052604508
10557,0.141,,10557,0.08776158
10562,0.141,,10562,0.18470968
10577,0.141,,10577,0.090273425
10582,0.141,,10582,0.083692
10589,0.141,,10589,0.10282019
10593,0.141,,10593,0.08923845
10597,0.141,,10597,0.14437015
10599,0.141,,10599,0.052604508
10622,0.141,,10622,0.052604508
10626,0.141,,10626,0.052604508
10627,0.141,,10627,0.052604508
10643,0.141,,10643,0.1909111
10655,0.141,,10655,0.079576924
10657,0.141,,10657,0.09325287
10659,0.141,,10659,0.2538795
10664,0.141,,10664,0.11252941
10674,0.141,,10674,0.23216403
10681,0.141,,10681,0.13510738
10684,0.141,,10684,0.22306511
10688,0.141,,10688,0.08632052
10696,0.141,,10696,0.34046322
10698,0.141,,10698,0.08238675
10706,0.141,,10706,0.10625728
10715,0.141,,10715,0.1359143
10716,0.141,,10716,0.08421892
10722,0.141,,10722,0.11864576
10725,0.141,,10725,0.13224055
10727,0.141,,10727,0.2763322
10732,0.141,,10732,0.1365165
10736,0.141,,10736,0.11434016
10738,0.141,,10738,0.11268754
10747,0.141,,10747,0.2542754
10751,0.141,,10751,0.16739608
10758,0.141,,10758,0.10984208
10768,0.141,,10768,0.07497787
10772,0.141,,10772,0.13396814
10783,0.141,,10783,0.11984223
10791,0.141,,10791,0.07268337
10792,0.141,,10792,0.052604508
10806,0.141,,10806,0.08137581
10807,0.141,,10807,0.052604508
10811,0.141,,10811,0.14726594
10818,0.141,,10818,0.052604508
10830,0.141,,10830,0.28609756
10834,0.141,,10834,0.32160056
10838,0.141,,10838,0.061036643
10841,0.141,,10841,0.052604508
10846,0.141,,10846,0.3068947
10847,0.141,,10847,0.052604508
10849,0.141,,10849,0.32172498
10863,0.141,,10863,0.052604508
10865,0.141,,10865,0.08339267
10866,0.141,,10866,0.052604508
10872,0.141,,10872,0.052604508
10874,0.141,,10874,0.052604508
10876,0.141,,10876,0.052604508
10877,0.141,,10877,0.052604508
10879,0.141,,10879,0.052604508
10880,0.141,,10880,0.052604508
10885,0.141,,10885,0.16101077
10898,0.141,,10898,0.16071667
10900,0.141,,10900,0.17194724
10901,0.141,,10901,0.19372101
10905,0.141,,10905,0.12936202
10908,0.141,,10908,0.06844552
10909,0.141,,10909,0.052604508
10912,0.141,,10912,0.076423034
10914,0.141,,10914,0.07814051
10934,0.141,,10934,0.23133916
10937,0.141,,10937,0.052604508
10939,0.141,,10939,0.29213232
10943,0.141,,10943,0.11557084
10944,0.141,,10944,0.13494268
10946,0.141,,10946,0.19087219
10952,0.141,,10952,0.052604508
10962,0.141,,10962,0.09667267
10963,0.141,,10963,0.16376643
10965,0.141,,10965,0.052604508
10970,0.141,,10970,0.15132137
10987,0.141,,10987,0.120919436
10988,0.141,,10988,0.27171624
10989,0.141,,10989,0.20584093
10990,0.141,,10990,0.16667373
10993,0.141,,10993,0.053318
10997,0.141,,10997,0.28792015
11007,0.141,,11007,0.052604508
11009,0.141,,11009,0.052604508
11013,0.141,,11013,0.2628828
11036,0.141,,11036,0.062240817
11042,0.141,,11042,0.37414333
11046,0.141,,11046,0.085960135
11054,0.141,,11054,0.052604508
11061,0.141,,11061,0.2952907
11065,0.141,,11065,0.1681137
11072,0.141,,11072,0.26846254
11073,0.141,,11073,0.052604508
11078,0.141,,11078,0.09104635
11080,0.141,,11080,0.052604508
11082,0.141,,11082,0.16491604
11084,0.141,,11084,0.1396932
11086,0.141,,11086,0.15587443
11092,0.141,,11092,0.25573722
11099,0.141,,11099,0.24786797
11103,0.141,,11103,0.052604508
11104,0.141,,11104,0.052604508
11108,0.141,,11108,0.052604508
11109,0.141,,11109,0.052604508
11113,0.141,,11113,0.052604508
11114,0.141,,11114,0.052604508
11119,0.141,,11119,0.0666239
11120,0.141,,11120,0.1208116
11121,0.141,,11121,0.12676881
11123,0.141,,11123,0.05405608
11133,0.141,,11133,0.09399785
11149,0.141,,11149,0.052604508
11150,0.141,,11150,0.052604508
11152,0.141,,11152,0.21582925
11158,0.141,,11158,0.08492428
11161,0.141,,11161,0.36980122
11162,0.141,,11162,0.15660475
11163,0.141,,11163,0.075986624
11170,0.141,,11170,0.42641643
11181,0.141,,11181,0.07788116
11182,0.141,,11182,0.08701809
11189,0.141,,11189,0.053990472
11199,0.141,,11199,0.2536337
11207,0.141,,11207,0.052604508
11212,0.141,,11212,0.052604508
11217,0.141,,11217,0.052604508
11221,0.141,,11221,0.052604508
11223,0.141,,11223,0.07523756
11227,0.141,,11227,0.052604508
11232,0.141,,11232,0.052604508
11238,0.141,,11238,0.052604508
11240,0.141,,11240,0.052604508
11241,0.141,,11241,0.052604508
11242,0.141,,11242,0.052604508
11249,0.141,,11249,0.052604508
11253,0.141,,11253,0.09605366
11255,0.141,,11255,0.052604508
11259,0.141,,11259,0.052604508
11260,0.141,,11260,0.052604508
11261,0.141,,11261,0.052665792
11267,0.141,,11267,0.052604508
11270,0.141,,11270,0.3226709
11271,0.141,,11271,0.095394254
11276,0.141,,11276,0.052604508
11278,0.141,,11278,0.052604508
11281,0.141,,11281,0.23039238
11282,0.141,,11282,0.20134355
11285,0.141,,11285,0.058349997
11289,0.141,,11289,0.084371895
11290,0.141,,11290,0.052604508
11304,0.141,,11304,0.0658577
11311,0.141,,11311,0.23098238
11312,0.141,,11312,0.0858766
11313,0.141,,11313,0.05278454
11318,0.141,,11318,0.052604508
11325,0.141,,11325,0.052604508
11326,0.141,,11326,0.052604508
11329,0.141,,11329,0.052604508
11331,0.141,,11331,0.052604508
11332,0.141,,11332,0.052604508
11333,0.141,,11333,0.18625489
11340,0.141,,11340,0.052604508
11361,0.141,,11361,0.052604508
11363,0.141,,11363,0.106847554
11364,0.141,,11364,0.052604508
11366,0.141,,11366,0.09262042
11371,0.141,,11371,0.12150644
11381,0.141,,11381,0.09040056
11382,0.141,,11382,0.052604508
11386,0.141,,11386,0.052604508
11388,0.141,,11388,0.052604508
11402,0.141,,11402,0.052604508
11404,0.141,,11404,0.052604508
11412,0.141,,11412,0.07689251
11418,0.141,,11418,0.052604508
11419,0.141,,11419,0.052604508
11428,0.141,,11428,0.052604508
11430,0.141,,11430,0.08961515
11435,0.141,,11435,0.1583268
11445,0.141,,11445,0.111572705
11449,0.141,,11449,0.29208472
11456,0.141,,11456,0.052604508
11459,0.141,,11459,0.05314979
11460,0.141,,11460,0.06984542
11466,0.141,,11466,0.052604508
11467,0.141,,11467,0.052604508
11468,0.141,,11468,0.13702011
11469,0.141,,11469,0.08697526
11470,0.141,,11470,0.052604508
11472,0.141,,11472,0.052604508
11473,0.141,,11473,0.109197095
11475,0.141,,11475,0.1780389
11490,0.141,,11490,0.0832037
11491,0.141,,11491,0.078093186
11492,0.141,,11492,0.075597495
11499,0.141,,11499,0.11699444
11501,0.141,,11501,0.07657574
11507,0.141,,11507,0.092966385
11508,0.141,,11508,0.068791576
11514,0.141,,11514,0.1719288
11518,0.141,,11518,0.07595301
11524,0.141,,11524,0.052604508
11527,0.141,,11527,0.052604508
11530,0.141,,11530,0.052604508
11532,0.141,,11532,0.052604508
11535,0.141,,11535,0.19271071
11536,0.141,,11536,0.12092206
11538,0.141,,11538,0.052604508
11541,0.141,,11541,0.052604508
11551,0.141,,11551,0.052604508
11555,0.141,,11555,0.052604508
11562,0.141,,11562,0.052604508
11568,0.141,,11568,0.10301961
11569,0.141,,11569,0.0755643
11570,0.141,,11570,0.06940873
11573,0.141,,11573,0.06435229
11578,0.141,,11578,0.24682522
11579,0.141,,11579,0.18565486
11580,0.141,,11580,0.17392682
11587,0.141,,11587,0.13583186
11588,0.141,,11588,0.16755924
11589,0.141,,11589,0.15272874
11591,0.141,,11591,0.6439454
11598,0.141,,11598,0.10251684
11602,0.141,,11602,0.374736
11604,0.141,,11604,0.2126116
11615,0.141,,11615,0.31956282
11617,0.141,,11617,0.20018876
11622,0.141,,11622,0.052604508
11626,0.141,,11626,0.32568717
11627,0.141,,11627,0.10236764
11629,0.141,,11629,0.052604508
11636,0.141,,11636,0.052604508
11641,0.141,,11641,0.052604508
11643,0.141,,11643,0.054486923
11648,0.141,,11648,0.052604508
11654,0.141,,11654,0.052604508
11657,0.141,,11657,0.052604508
11660,0.141,,11660,0.052604508
11664,0.141,,11664,0.052604508
11667,0.141,,11667,0.052604508
11682,0.141,,11682,0.052604508
11685,0.141,,11685,0.052604508
11686,0.141,,11686,0.053279515
11691,0.141,,11691,0.11740595
11694,0.141,,11694,0.10318233
11704,0.141,,11704,0.097796515
11705,0.141,,11705,0.09598711
11707,0.141,,11707,0.11911146
11718,0.141,,11718,0.052604508
11723,0.141,,11723,0.052604508
11735,0.141,,11735,0.052604508
11737,0.141,,11737,0.052604508
11742,0.141,,11742,0.052604508
11746,0.141,,11746,0.052604508
11749,0.141,,11749,0.052604508
11751,0.141,,11751,0.052604508
11753,0.141,,11753,0.052604508
11755,0.141,,11755,0.116977245
11761,0.141,,11761,0.09235448
11764,0.141,,11764,0.15543343
11767,0.141,,11767,0.13292427
11781,0.141,,11781,0.11113159
11785,0.141,,11785,0.11261737
11787,0.141,,11787,0.17796579
11798,0.141,,11798,0.1936615
11808,0.141,,11808,0.16133131
11810,0.141,,11810,0.15620182
11822,0.141,,11822,0.12911607
11832,0.141,,11832,0.12660481
11836,0.141,,11836,0.14670214
11839,0.141,,11839,0.13036238
11840,0.141,,11840,0.052604508
11841,0.141,,11841,0.052604508
11843,0.141,,11843,0.052604508
11844,0.141,,11844,0.2185347
11846,0.141,,11846,0.070821844
11852,0.141,,11852,0.052604508
11854,0.141,,11854,0.058841743
11855,0.141,,11855,0.12226039
11856,0.141,,11856,0.11239733
11863,0.141,,11863,0.09659523
11866,0.141,,11866,0.24697351
11872,0.141,,11872,0.1631197
11875,0.141,,11875,0.06951532
11878,0.141,,11878,0.13370602
11879,0.141,,11879,0.1896189
11882,0.141,,11882,0.09580857
11884,0.141,,11884,0.09038299
11887,0.141,,11887,0.052604508
11890,0.141,,11890,0.052604508
11893,0.141,,11893,0.096469864
11896,0.141,,11896,0.052604508
11897,0.141,,11897,0.052604508
11898,0.141,,11898,0.052604508
11904,0.141,,11904,0.06261976
11914,0.141,,11914,0.083237484
11935,0.141,,11935,0.09353159
11937,0.141,,11937,0.82300305
11938,0.141,,11938,0.4093062
11944,0.141,,11944,0.32677794
11948,0.141,,11948,0.24786797
11957,0.141,,11957,0.08018556
11964,0.141,,11964,0.10989548
11972,0.141,,11972,0.09878868
11979,0.141,,11979,0.09602615
11982,0.141,,11982,0.07136741
11987,0.141,,11987,0.16120477
11988,0.141,,11988,0.060342938
11989,0.141,,11989,0.052604508
11990,0.141,,11990,0.052604508
12013,0.141,,12013,0.07850546
12014,0.141,,12014,0.11091176
12025,0.141,,12025,0.09587404
12026,0.141,,12026,0.10016695
12027,0.141,,12027,0.052604508
12034,0.141,,12034,0.052604508
12045,0.141,,12045,0.052604508
12054,0.141,,12054,0.052604508
12055,0.141,,12055,0.052604508
12060,0.141,,12060,0.0899148
12061,0.141,,12061,0.052604508
12062,0.141,,12062,0.052604508
12064,0.141,,12064,0.052604508
12066,0.141,,12066,0.07416126
12075,0.141,,12075,0.10528143
12076,0.141,,12076,0.052604508
12078,0.141,,12078,0.09780612
12081,0.141,,12081,0.060932703
12088,0.141,,12088,0.052604508
12090,0.141,,12090,0.0815362
12092,0.141,,12092,0.0765955
12093,0.141,,12093,0.120453864
12095,0.141,,12095,0.06789999
12101,0.141,,12101,0.052604508
12103,0.141,,12103,0.052604508
12108,0.141,,12108,0.052604508
12121,0.141,,12121,0.077668905
12126,0.141,,12126,0.052604508
12139,0.141,,12139,0.052604508
12153,0.141,,12153,0.10800259
12154,0.141,,12154,0.25035518
12156,0.141,,12156,0.087876566
12159,0.141,,12159,0.13374713
12183,0.141,,12183,0.106164455
12190,0.141,,12190,0.36898392
12193,0.141,,12193,0.07931432
12200,0.141,,12200,0.052604508
12201,0.141,,12201,0.052604508
12206,0.141,,12206,0.052604508
12217,0.141,,12217,0.0751677
12228,0.141,,12228,0.24786797
12230,0.141,,12230,0.18485779
12238,0.141,,12238,0.052604508
12241,0.141,,12241,0.17503007
12249,0.141,,12249,0.052604508
12250,0.141,,12250,0.54079324
12251,0.141,,12251,0.36857033
12270,0.141,,12270,0.41173142
12274,0.141,,12274,0.41468424
12277,0.141,,12277,0.08538507
12278,0.141,,12278,0.16210987
12296,0.141,,12296,0.163015
12297,0.141,,12297,0.1367458
12298,0.141,,12298,0.10413015
12299,0.141,,12299,0.07963322
12308,0.141,,12308,0.08506169
12314,0.141,,12314,0.052604508
12325,0.141,,12325,0.14075457
12326,0.141,,12326,0.052604508
12328,0.141,,12328,0.052604508
12331,0.141,,12331,0.052604508
12332,0.141,,12332,0.074636996
12335,0.141,,12335,0.052604508
12339,0.141,,12339,0.09220645
12348,0.141,,12348,0.13653399
12352,0.141,,12352,0.08875127
12365,0.141,,12365,0.052604508
12366,0.141,,12366,0.052604508
12367,0.141,,12367,0.052604508
12368,0.141,,12368,0.052604508
12375,0.141,,12375,0.121022016
12382,0.141,,12382,0.089420706
12385,0.141,,12385,0.20988736
12393,0.141,,12393,0.05577916
12394,0.141,,12394,0.052604508
12404,0.141,,12404,0.052604508
12405,0.141,,12405,0.052604508
12409,0.141,,12409,0.12891209
12422,0.141,,12422,0.1001866
12429,0.141,,12429,0.10082461
12436,0.141,,12436,0.08642101
12442,0.141,,12442,0.09879099
12449,0.141,,12449,0.052604508
12456,0.141,,12456,0.06652646
12457,0.141,,12457,0.08371342
12458,0.141,,12458,0.08370131
12461,0.141,,12461,0.078148335
12463,0.141,,12463,0.08149838
12468,0.141,,12468,0.07258745
12478,0.141,,12478,0.052604508
12481,0.141,,12481,0.052604508
12485,0.141,,12485,0.052604508
12487,0.141,,12487,0.052604508
12490,0.141,,12490,0.07009767
12491,0.141,,12491,0.07009606
12497,0.141,,12497,0.08604725
12498,0.141,,12498,0.08548515
12501,0.141,,12501,0.08260088
12503,0.141,,12503,0.07845494
12519,0.141,,12519,0.052604508
12521,0.141,,12521,0.052604508
12522,0.141,,12522,0.052604508
12527,0.141,,12527,0.052604508
12538,0.141,,12538,0.052604508
12543,0.141,,12543,0.052604508
12546,0.141,,12546,0.052604508
12548,0.141,,12548,0.052604508
12563,0.141,,12563,0.052604508
12569,0.141,,12569,0.06729197
12572,0.141,,12572,0.05325997
12573,0.141,,12573,0.052604508
12574,0.141,,12574,0.052604508
12575,0.141,,12575,0.052604508
12576,0.141,,12576,0.052604508
12578,0.141,,12578,0.052604508
12579,0.141,,12579,0.052604508
12591,0.141,,12591,0.052604508
12608,0.141,,12608,0.052604508
12609,0.141,,12609,0.052604508
12612,0.141,,12612,0.052604508
12613,0.141,,12613,0.052604508
12614,0.141,,12614,0.052604508
12615,0.141,,12615,0.052604508
12617,0.141,,12617,0.052604508
12621,0.141,,12621,0.052604508
12630,0.141,,12630,0.08715947
12646,0.141,,12646,0.12447472
12649,0.141,,12649,0.1649728
12653,0.141,,12653,0.15523346
12656,0.141,,12656,0.10297951
12662,0.141,,12662,0.28081888
12663,0.141,,12663,0.23238589
12675,0.141,,12675,0.11269756
12682,0.141,,12682,0.112644404
12699,0.141,,12699,0.07830219
12701,0.141,,12701,0.09019373
12703,0.141,,12703,0.07754718
12706,0.141,,12706,0.09698796
12711,0.141,,12711,0.052604508
12720,0.141,,12720,0.15932736
12725,0.141,,12725,0.40799713
12730,0.141,,12730,0.052604508
12738,0.141,,12738,0.052604508
12740,0.141,,12740,0.069226526
12748,0.141,,12748,0.052604508
12762,0.141,,12762,0.052604508
12777,0.141,,12777,0.07333611
12781,0.141,,12781,0.076859415
12788,0.141,,12788,0.053293146
12789,0.141,,12789,0.09972288
12792,0.141,,12792,0.052604508
12805,0.141,,12805,0.0989501
12809,0.141,,12809,0.11468749
12813,0.141,,12813,0.09416179
12814,0.141,,12814,0.052604508
12819,0.141,,12819,0.109778
12821,0.141,,12821,0.13521117
12824,0.141,,12824,0.09228653
12826,0.141,,12826,0.052604508
12829,0.141,,12829,0.2394648
12842,0.141,,12842,0.11983979
12844,0.141,,12844,0.17803967
12845,0.141,,12845,0.23308544
12867,0.141,,12867,0.07821187
12873,0.141,,12873,0.057393864
12883,0.141,,12883,0.378047
12884,0.141,,12884,0.379317
12886,0.141,,12886,0.07115984
12888,0.141,,12888,0.052604508
12892,0.141,,12892,0.08811396
12893,0.141,,12893,0.3326926
12906,0.141,,12906,0.11246187
12909,0.141,,12909,0.10142342
12913,0.141,,12913,0.09264116
12924,0.141,,12924,0.060490943
12935,0.141,,12935,0.056252744
12937,0.141,,12937,0.5359614
12939,0.141,,12939,0.2823157
12943,0.141,,12943,0.060174655
12944,0.141,,12944,0.11436436
12949,0.141,,12949,0.18911012
12950,0.141,,12950,0.268751
12955,0.141,,12955,0.078512385
12961,0.141,,12961,0.24045587
12963,0.141,,12963,0.08684635
12970,0.141,,12970,0.052604508
12979,0.141,,12979,0.052604508
12980,0.141,,12980,0.052604508
12985,0.141,,12985,0.2543608
12987,0.141,,12987,0.055484034
12989,0.141,,12989,0.30226892
12993,0.141,,12993,0.26241013
13036,0.141,,13036,0.24032392
13040,0.141,,13040,0.05552914
13042,0.141,,13042,0.12875283
13048,0.141,,13048,0.06138034
13064,0.141,,13064,0.30136412
13076,0.141,,13076,0.13942482
13080,0.141,,13080,0.052604508
13081,0.141,,13081,0.052604508
13085,0.141,,13085,0.09681332
13089,0.141,,13089,0.08530875
13091,0.141,,13091,0.052604508
13092,0.141,,13092,0.052604508
13094,0.141,,13094,0.052604508
13099,0.141,,13099,0.088333845
13105,0.141,,13105,0.052604508
13106,0.141,,13106,0.08016375
13108,0.141,,13108,0.112671964
13112,0.141,,13112,0.08458533
13114,0.141,,13114,0.075338796
13119,0.141,,13119,0.16522267
13121,0.141,,13121,0.3937361
13124,0.141,,13124,0.33115143
13126,0.141,,13126,0.30990395
13134,0.141,,13134,0.073878154
13135,0.141,,13135,0.10696106
13137,0.141,,13137,0.11527538
13141,0.141,,13141,0.052604508
13146,0.141,,13146,0.05866022
13147,0.141,,13147,0.089204274
